item,itemLabel,peerageID,birth,death,floruit,prop,propLabel,value,valueLabel
http://www.wikidata.org/entity/Q6662990,Llywelyn ap Dafydd,p16860.htm#i168592,1260-01-01T00:00:00Z,1287-01-01T00:00:00Z,,http://www.wikidata.org/prop/direct/P21,http://www.wikidata.org/prop/direct/P21,http://www.wikidata.org/entity/Q6581097,male
http://www.wikidata.org/entity/Q6662990,Llywelyn ap Dafydd,p16860.htm#i168592,1267-01-01T00:00:00Z,1287-01-01T00:00:00Z,,http://www.wikidata.org/prop/direct/P21,http://www.wikidata.org/prop/direct/P21,http://www.wikidata.org/entity/Q6581097,male
http://www.wikidata.org/entity/Q6662990,Llywelyn ap Dafydd,p16860.htm#i168592,1260-01-01T00:00:00Z,1287-01-01T00:00:00Z,,http://www.wikidata.org/prop/direct/P22,http://www.wikidata.org/prop/direct/P22,http://www.wikidata.org/entity/Q592561,Dafydd ap Gruffudd
http://www.wikidata.org/entity/Q6662990,Llywelyn ap Dafydd,p16860.htm#i168592,1267-01-01T00:00:00Z,1287-01-01T00:00:00Z,,http://www.wikidata.org/prop/direct/P22,http://www.wikidata.org/prop/direct/P22,http://www.wikidata.org/entity/Q592561,Dafydd ap Gruffudd
http://www.wikidata.org/entity/Q6662990,Llywelyn ap Dafydd,p16860.htm#i168592,1260-01-01T00:00:00Z,1287-01-01T00:00:00Z,,http://www.wikidata.org/prop/direct/P31,http://www.wikidata.org/prop/direct/P31,http://www.wikidata.org/entity/Q5,human
http://www.wikidata.org/entity/Q6662990,Llywelyn ap Dafydd,p16860.htm#i168592,1267-01-01T00:00:00Z,1287-01-01T00:00:00Z,,http://www.wikidata.org/prop/direct/P31,http://www.wikidata.org/prop/direct/P31,http://www.wikidata.org/entity/Q5,human
http://www.wikidata.org/entity/Q6662990,Llywelyn ap Dafydd,p16860.htm#i168592,1260-01-01T00:00:00Z,1287-01-01T00:00:00Z,,http://www.wikidata.org/prop/direct/P12749,http://www.wikidata.org/prop/direct/P12749,Q85768,Q85768
http://www.wikidata.org/entity/Q6662990,Llywelyn ap Dafydd,p16860.htm#i168592,1267-01-01T00:00:00Z,1287-01-01T00:00:00Z,,http://www.wikidata.org/prop/direct/P12749,http://www.wikidata.org/prop/direct/P12749,Q85768,Q85768
http://www.wikidata.org/entity/Q6662990,Llywelyn ap Dafydd,p16860.htm#i168592,1260-01-01T00:00:00Z,1287-01-01T00:00:00Z,,http://www.wikidata.org/prop/direct/P3368,http://www.wikidata.org/prop/direct/P3368,2164721,2164721
http://www.wikidata.org/entity/Q6662990,Llywelyn ap Dafydd,p16860.htm#i168592,1267-01-01T00:00:00Z,1287-01-01T00:00:00Z,,http://www.wikidata.org/prop/direct/P3368,http://www.wikidata.org/prop/direct/P3368,2164721,2164721
http://www.wikidata.org/entity/Q6662990,Llywelyn ap Dafydd,p16860.htm#i168592,1260-01-01T00:00:00Z,1287-01-01T00:00:00Z,,http://www.wikidata.org/prop/direct/P3373,http://www.wikidata.org/prop/direct/P3373,http://www.wikidata.org/entity/Q7114253,Owain ap Dafydd
http://www.wikidata.org/entity/Q6662990,Llywelyn ap Dafydd,p16860.htm#i168592,1267-01-01T00:00:00Z,1287-01-01T00:00:00Z,,http://www.wikidata.org/prop/direct/P3373,http://www.wikidata.org/prop/direct/P3373,http://www.wikidata.org/entity/Q7114253,Owain ap Dafydd
http://www.wikidata.org/entity/Q6662990,Llywelyn ap Dafydd,p16860.htm#i168592,1260-01-01T00:00:00Z,1287-01-01T00:00:00Z,,http://www.wikidata.org/prop/direct/P4638,http://www.wikidata.org/prop/direct/P4638,p16860.htm#i168592,p16860.htm#i168592
http://www.wikidata.org/entity/Q6662990,Llywelyn ap Dafydd,p16860.htm#i168592,1267-01-01T00:00:00Z,1287-01-01T00:00:00Z,,http://www.wikidata.org/prop/direct/P4638,http://www.wikidata.org/prop/direct/P4638,p16860.htm#i168592,p16860.htm#i168592
http://www.wikidata.org/entity/Q6662990,Llywelyn ap Dafydd,p16860.htm#i168592,1260-01-01T00:00:00Z,1287-01-01T00:00:00Z,,http://www.wikidata.org/prop/direct/P569,http://www.wikidata.org/prop/direct/P569,1260-01-01T00:00:00Z,1260-01-01T00:00:00Z
http://www.wikidata.org/entity/Q6662990,Llywelyn ap Dafydd,p16860.htm#i168592,1267-01-01T00:00:00Z,1287-01-01T00:00:00Z,,http://www.wikidata.org/prop/direct/P569,http://www.wikidata.org/prop/direct/P569,1260-01-01T00:00:00Z,1260-01-01T00:00:00Z
http://www.wikidata.org/entity/Q6662990,Llywelyn ap Dafydd,p16860.htm#i168592,1260-01-01T00:00:00Z,1287-01-01T00:00:00Z,,http://www.wikidata.org/prop/direct/P569,http://www.wikidata.org/prop/direct/P569,1267-01-01T00:00:00Z,1267-01-01T00:00:00Z
http://www.wikidata.org/entity/Q6662990,Llywelyn ap Dafydd,p16860.htm#i168592,1267-01-01T00:00:00Z,1287-01-01T00:00:00Z,,http://www.wikidata.org/prop/direct/P569,http://www.wikidata.org/prop/direct/P569,1267-01-01T00:00:00Z,1267-01-01T00:00:00Z
http://www.wikidata.org/entity/Q6662990,Llywelyn ap Dafydd,p16860.htm#i168592,1260-01-01T00:00:00Z,1287-01-01T00:00:00Z,,http://www.wikidata.org/prop/direct/P570,http://www.wikidata.org/prop/direct/P570,1287-01-01T00:00:00Z,1287-01-01T00:00:00Z
http://www.wikidata.org/entity/Q6662990,Llywelyn ap Dafydd,p16860.htm#i168592,1267-01-01T00:00:00Z,1287-01-01T00:00:00Z,,http://www.wikidata.org/prop/direct/P570,http://www.wikidata.org/prop/direct/P570,1287-01-01T00:00:00Z,1287-01-01T00:00:00Z
http://www.wikidata.org/entity/Q6662990,Llywelyn ap Dafydd,p16860.htm#i168592,1260-01-01T00:00:00Z,1287-01-01T00:00:00Z,,http://www.wikidata.org/prop/direct/P646,http://www.wikidata.org/prop/direct/P646,/m/0chnvd,/m/0chnvd
http://www.wikidata.org/entity/Q6662990,Llywelyn ap Dafydd,p16860.htm#i168592,1267-01-01T00:00:00Z,1287-01-01T00:00:00Z,,http://www.wikidata.org/prop/direct/P646,http://www.wikidata.org/prop/direct/P646,/m/0chnvd,/m/0chnvd
http://www.wikidata.org/entity/Q6662990,Llywelyn ap Dafydd,p16860.htm#i168592,1260-01-01T00:00:00Z,1287-01-01T00:00:00Z,,http://www.wikidata.org/prop/direct/P735,http://www.wikidata.org/prop/direct/P735,http://www.wikidata.org/entity/Q20151306,Llywelyn
http://www.wikidata.org/entity/Q6662990,Llywelyn ap Dafydd,p16860.htm#i168592,1267-01-01T00:00:00Z,1287-01-01T00:00:00Z,,http://www.wikidata.org/prop/direct/P735,http://www.wikidata.org/prop/direct/P735,http://www.wikidata.org/entity/Q20151306,Llywelyn
http://www.wikidata.org/entity/Q666431,Pietro Ziani,p70429.htm#i704290,1153-01-01T00:00:00Z,1229-03-20T00:00:00Z,,http://www.wikidata.org/prop/direct/P106,http://www.wikidata.org/prop/direct/P106,http://www.wikidata.org/entity/Q193391,diplomat
http://www.wikidata.org/entity/Q666431,Pietro Ziani,p70429.htm#i704290,1153-01-01T00:00:00Z,1229-03-20T00:00:00Z,,http://www.wikidata.org/prop/direct/P18,http://www.wikidata.org/prop/direct/P18,http://commons.wikimedia.org/wiki/Special:FilePath/Pietro%20Ziani%20murale.jpg,http://commons.wikimedia.org/wiki/Special:FilePath/Pietro%20Ziani%20murale.jpg
http://www.wikidata.org/entity/Q666431,Pietro Ziani,p70429.htm#i704290,1153-01-01T00:00:00Z,1229-03-20T00:00:00Z,,http://www.wikidata.org/prop/direct/P19,http://www.wikidata.org/prop/direct/P19,http://www.wikidata.org/entity/Q641,Venice
http://www.wikidata.org/entity/Q666431,Pietro Ziani,p70429.htm#i704290,1153-01-01T00:00:00Z,1229-03-20T00:00:00Z,,http://www.wikidata.org/prop/direct/P20,http://www.wikidata.org/prop/direct/P20,http://www.wikidata.org/entity/Q641,Venice
http://www.wikidata.org/entity/Q666431,Pietro Ziani,p70429.htm#i704290,1153-01-01T00:00:00Z,1229-03-20T00:00:00Z,,http://www.wikidata.org/prop/direct/P21,http://www.wikidata.org/prop/direct/P21,http://www.wikidata.org/entity/Q6581097,male
http://www.wikidata.org/entity/Q666431,Pietro Ziani,p70429.htm#i704290,1153-01-01T00:00:00Z,1229-03-20T00:00:00Z,,http://www.wikidata.org/prop/direct/P214,http://www.wikidata.org/prop/direct/P214,316739261,316739261
http://www.wikidata.org/entity/Q666431,Pietro Ziani,p70429.htm#i704290,1153-01-01T00:00:00Z,1229-03-20T00:00:00Z,,http://www.wikidata.org/prop/direct/P22,http://www.wikidata.org/prop/direct/P22,http://www.wikidata.org/entity/Q537167,Sebastiano Ziani
http://www.wikidata.org/entity/Q666431,Pietro Ziani,p70429.htm#i704290,1153-01-01T00:00:00Z,1229-03-20T00:00:00Z,,http://www.wikidata.org/prop/direct/P227,http://www.wikidata.org/prop/direct/P227,102309567X,102309567X
http://www.wikidata.org/entity/Q666431,Pietro Ziani,p70429.htm#i704290,1153-01-01T00:00:00Z,1229-03-20T00:00:00Z,,http://www.wikidata.org/prop/direct/P26,http://www.wikidata.org/prop/direct/P26,http://www.wikidata.org/entity/Q14916860,"Constance of Sicily, Dogaressa of Venice"
http://www.wikidata.org/entity/Q666431,Pietro Ziani,p70429.htm#i704290,1153-01-01T00:00:00Z,1229-03-20T00:00:00Z,,http://www.wikidata.org/prop/direct/P27,http://www.wikidata.org/prop/direct/P27,http://www.wikidata.org/entity/Q4948,Republic of Venice
http://www.wikidata.org/entity/Q666431,Pietro Ziani,p70429.htm#i704290,1153-01-01T00:00:00Z,1229-03-20T00:00:00Z,,http://www.wikidata.org/prop/direct/P31,http://www.wikidata.org/prop/direct/P31,http://www.wikidata.org/entity/Q5,human
http://www.wikidata.org/entity/Q666431,Pietro Ziani,p70429.htm#i704290,1153-01-01T00:00:00Z,1229-03-20T00:00:00Z,,http://www.wikidata.org/prop/direct/P39,http://www.wikidata.org/prop/direct/P39,http://www.wikidata.org/entity/Q858316,Doge of Venice
http://www.wikidata.org/entity/Q666431,Pietro Ziani,p70429.htm#i704290,1153-01-01T00:00:00Z,1229-03-20T00:00:00Z,,http://www.wikidata.org/prop/direct/P11835,http://www.wikidata.org/prop/direct/P11835,3630,3630
http://www.wikidata.org/entity/Q666431,Pietro Ziani,p70429.htm#i704290,1153-01-01T00:00:00Z,1229-03-20T00:00:00Z,,http://www.wikidata.org/prop/direct/P1185,http://www.wikidata.org/prop/direct/P1185,702888,702888
http://www.wikidata.org/entity/Q666431,Pietro Ziani,p70429.htm#i704290,1153-01-01T00:00:00Z,1229-03-20T00:00:00Z,,http://www.wikidata.org/prop/direct/P12597,http://www.wikidata.org/prop/direct/P12597,28616,28616
http://www.wikidata.org/entity/Q666431,Pietro Ziani,p70429.htm#i704290,1153-01-01T00:00:00Z,1229-03-20T00:00:00Z,,http://www.wikidata.org/prop/direct/P13030,http://www.wikidata.org/prop/direct/P13030,person/7030,person/7030
http://www.wikidata.org/entity/Q666431,Pietro Ziani,p70429.htm#i704290,1153-01-01T00:00:00Z,1229-03-20T00:00:00Z,,http://www.wikidata.org/prop/direct/P13049,http://www.wikidata.org/prop/direct/P13049,102309567X,102309567X
http://www.wikidata.org/entity/Q666431,Pietro Ziani,p70429.htm#i704290,1153-01-01T00:00:00Z,1229-03-20T00:00:00Z,,http://www.wikidata.org/prop/direct/P1343,http://www.wikidata.org/prop/direct/P1343,http://www.wikidata.org/entity/Q602358,Brockhaus and Efron Encyclopedic Dictionary
http://www.wikidata.org/entity/Q666431,Pietro Ziani,p70429.htm#i704290,1153-01-01T00:00:00Z,1229-03-20T00:00:00Z,,http://www.wikidata.org/prop/direct/P1412,http://www.wikidata.org/prop/direct/P1412,http://www.wikidata.org/entity/Q652,Italian
http://www.wikidata.org/entity/Q666431,Pietro Ziani,p70429.htm#i704290,1153-01-01T00:00:00Z,1229-03-20T00:00:00Z,,http://www.wikidata.org/prop/direct/P1559,http://www.wikidata.org/prop/direct/P1559,Pietro Ziani,Pietro Ziani
http://www.wikidata.org/entity/Q666431,Pietro Ziani,p70429.htm#i704290,1153-01-01T00:00:00Z,1229-03-20T00:00:00Z,,http://www.wikidata.org/prop/direct/P1711,http://www.wikidata.org/prop/direct/P1711,118029,118029
http://www.wikidata.org/entity/Q666431,Pietro Ziani,p70429.htm#i704290,1153-01-01T00:00:00Z,1229-03-20T00:00:00Z,,http://www.wikidata.org/prop/direct/P1711,http://www.wikidata.org/prop/direct/P1711,191295,191295
http://www.wikidata.org/entity/Q666431,Pietro Ziani,p70429.htm#i704290,1153-01-01T00:00:00Z,1229-03-20T00:00:00Z,,http://www.wikidata.org/prop/direct/P1819,http://www.wikidata.org/prop/direct/P1819,I00638073,I00638073
http://www.wikidata.org/entity/Q666431,Pietro Ziani,p70429.htm#i704290,1153-01-01T00:00:00Z,1229-03-20T00:00:00Z,,http://www.wikidata.org/prop/direct/P1871,http://www.wikidata.org/prop/direct/P1871,cnp01938257,cnp01938257
http://www.wikidata.org/entity/Q666431,Pietro Ziani,p70429.htm#i704290,1153-01-01T00:00:00Z,1229-03-20T00:00:00Z,,http://www.wikidata.org/prop/direct/P1986,http://www.wikidata.org/prop/direct/P1986,pietro-ziani,pietro-ziani
http://www.wikidata.org/entity/Q666431,Pietro Ziani,p70429.htm#i704290,1153-01-01T00:00:00Z,1229-03-20T00:00:00Z,,http://www.wikidata.org/prop/direct/P3368,http://www.wikidata.org/prop/direct/P3368,1960381,1960381
http://www.wikidata.org/entity/Q666431,Pietro Ziani,p70429.htm#i704290,1153-01-01T00:00:00Z,1229-03-20T00:00:00Z,,http://www.wikidata.org/prop/direct/P373,http://www.wikidata.org/prop/direct/P373,Pietro Ziani,Pietro Ziani
http://www.wikidata.org/entity/Q666431,Pietro Ziani,p70429.htm#i704290,1153-01-01T00:00:00Z,1229-03-20T00:00:00Z,,http://www.wikidata.org/prop/direct/P4159,http://www.wikidata.org/prop/direct/P4159,Pietro_Ziani_(1),Pietro_Ziani_(1)
http://www.wikidata.org/entity/Q666431,Pietro Ziani,p70429.htm#i704290,1153-01-01T00:00:00Z,1229-03-20T00:00:00Z,,http://www.wikidata.org/prop/direct/P4638,http://www.wikidata.org/prop/direct/P4638,p70429.htm#i704290,p70429.htm#i704290
http://www.wikidata.org/entity/Q666431,Pietro Ziani,p70429.htm#i704290,1153-01-01T00:00:00Z,1229-03-20T00:00:00Z,,http://www.wikidata.org/prop/direct/P569,http://www.wikidata.org/prop/direct/P569,1153-01-01T00:00:00Z,1153-01-01T00:00:00Z
http://www.wikidata.org/entity/Q666431,Pietro Ziani,p70429.htm#i704290,1153-01-01T00:00:00Z,1229-03-20T00:00:00Z,,http://www.wikidata.org/prop/direct/P570,http://www.wikidata.org/prop/direct/P570,1229-03-20T00:00:00Z,1229-03-20T00:00:00Z
http://www.wikidata.org/entity/Q666431,Pietro Ziani,p70429.htm#i704290,1153-01-01T00:00:00Z,1229-03-20T00:00:00Z,,http://www.wikidata.org/prop/direct/P646,http://www.wikidata.org/prop/direct/P646,/m/022vp1,/m/022vp1
http://www.wikidata.org/entity/Q666431,Pietro Ziani,p70429.htm#i704290,1153-01-01T00:00:00Z,1229-03-20T00:00:00Z,,http://www.wikidata.org/prop/direct/P6706,http://www.wikidata.org/prop/direct/P6706,"Ziàni,+Piètro","Ziàni,+Piètro"
http://www.wikidata.org/entity/Q666431,Pietro Ziani,p70429.htm#i704290,1153-01-01T00:00:00Z,1229-03-20T00:00:00Z,,http://www.wikidata.org/prop/direct/P734,http://www.wikidata.org/prop/direct/P734,http://www.wikidata.org/entity/Q21502202,Ziani
http://www.wikidata.org/entity/Q666431,Pietro Ziani,p70429.htm#i704290,1153-01-01T00:00:00Z,1229-03-20T00:00:00Z,,http://www.wikidata.org/prop/direct/P735,http://www.wikidata.org/prop/direct/P735,http://www.wikidata.org/entity/Q15897583,Pietro
http://www.wikidata.org/entity/Q666431,Pietro Ziani,p70429.htm#i704290,1153-01-01T00:00:00Z,1229-03-20T00:00:00Z,,http://www.wikidata.org/prop/direct/P7902,http://www.wikidata.org/prop/direct/P7902,102309567X,102309567X
http://www.wikidata.org/entity/Q666431,Pietro Ziani,p70429.htm#i704290,1153-01-01T00:00:00Z,1229-03-20T00:00:00Z,,http://www.wikidata.org/prop/direct/P7929,http://www.wikidata.org/prop/direct/P7929,p=pietro;n=ziani,p=pietro;n=ziani
http://www.wikidata.org/entity/Q666431,Pietro Ziani,p70429.htm#i704290,1153-01-01T00:00:00Z,1229-03-20T00:00:00Z,,http://www.wikidata.org/prop/direct/P8445,http://www.wikidata.org/prop/direct/P8445,610492,610492
http://www.wikidata.org/entity/Q666431,Pietro Ziani,p70429.htm#i704290,1153-01-01T00:00:00Z,1229-03-20T00:00:00Z,,http://www.wikidata.org/prop/direct/P9017,http://www.wikidata.org/prop/direct/P9017,316739261,316739261
http://www.wikidata.org/entity/Q666431,Pietro Ziani,p70429.htm#i704290,1153-01-01T00:00:00Z,1229-03-20T00:00:00Z,,http://www.wikidata.org/prop/direct/P937,http://www.wikidata.org/prop/direct/P937,http://www.wikidata.org/entity/Q641,Venice
http://www.wikidata.org/entity/Q666676,Bolko II the Small,p3918.htm#i39173,1308-05-01T00:00:00Z,1368-07-28T00:00:00Z,,http://www.wikidata.org/prop/direct/P101,http://www.wikidata.org/prop/direct/P101,http://www.wikidata.org/entity/Q7163,politics
http://www.wikidata.org/entity/Q666676,Bolko II the Small,p3918.htm#i39173,1308-05-01T00:00:00Z,1368-07-28T00:00:00Z,,http://www.wikidata.org/prop/direct/P101,http://www.wikidata.org/prop/direct/P101,http://www.wikidata.org/entity/Q7188,government
http://www.wikidata.org/entity/Q666676,Bolko II the Small,p3918.htm#i39173,1308-05-01T00:00:00Z,1368-07-28T00:00:00Z,,http://www.wikidata.org/prop/direct/P106,http://www.wikidata.org/prop/direct/P106,http://www.wikidata.org/entity/Q1097498,ruler
http://www.wikidata.org/entity/Q666676,Bolko II the Small,p3918.htm#i39173,1308-05-01T00:00:00Z,1368-07-28T00:00:00Z,,http://www.wikidata.org/prop/direct/P119,http://www.wikidata.org/prop/direct/P119,http://www.wikidata.org/entity/Q1457087,Krzeszów Abbey
http://www.wikidata.org/entity/Q666676,Bolko II the Small,p3918.htm#i39173,1308-05-01T00:00:00Z,1368-07-28T00:00:00Z,,http://www.wikidata.org/prop/direct/P18,http://www.wikidata.org/prop/direct/P18,http://commons.wikimedia.org/wiki/Special:FilePath/Bolko%20II.%20Schweidnitz.png,http://commons.wikimedia.org/wiki/Special:FilePath/Bolko%20II.%20Schweidnitz.png
http://www.wikidata.org/entity/Q666676,Bolko II the Small,p3918.htm#i39173,1308-05-01T00:00:00Z,1368-07-28T00:00:00Z,,http://www.wikidata.org/prop/direct/P20,http://www.wikidata.org/prop/direct/P20,http://www.wikidata.org/entity/Q387396,Świdnica
http://www.wikidata.org/entity/Q666676,Bolko II the Small,p3918.htm#i39173,1308-05-01T00:00:00Z,1368-07-28T00:00:00Z,,http://www.wikidata.org/prop/direct/P21,http://www.wikidata.org/prop/direct/P21,http://www.wikidata.org/entity/Q6581097,male
http://www.wikidata.org/entity/Q666676,Bolko II the Small,p3918.htm#i39173,1308-05-01T00:00:00Z,1368-07-28T00:00:00Z,,http://www.wikidata.org/prop/direct/P214,http://www.wikidata.org/prop/direct/P214,25032315,25032315
http://www.wikidata.org/entity/Q666676,Bolko II the Small,p3918.htm#i39173,1308-05-01T00:00:00Z,1368-07-28T00:00:00Z,,http://www.wikidata.org/prop/direct/P22,http://www.wikidata.org/prop/direct/P22,http://www.wikidata.org/entity/Q571364,Bernard of Świdnica
http://www.wikidata.org/entity/Q666676,Bolko II the Small,p3918.htm#i39173,1308-05-01T00:00:00Z,1368-07-28T00:00:00Z,,http://www.wikidata.org/prop/direct/P227,http://www.wikidata.org/prop/direct/P227,104237392,104237392
http://www.wikidata.org/entity/Q666676,Bolko II the Small,p3918.htm#i39173,1308-05-01T00:00:00Z,1368-07-28T00:00:00Z,,http://www.wikidata.org/prop/direct/P25,http://www.wikidata.org/prop/direct/P25,http://www.wikidata.org/entity/Q3487816,Kunigunde of Poland
http://www.wikidata.org/entity/Q666676,Bolko II the Small,p3918.htm#i39173,1308-05-01T00:00:00Z,1368-07-28T00:00:00Z,,http://www.wikidata.org/prop/direct/P26,http://www.wikidata.org/prop/direct/P26,http://www.wikidata.org/entity/Q291511,Agnes of Austria
http://www.wikidata.org/entity/Q666676,Bolko II the Small,p3918.htm#i39173,1308-05-01T00:00:00Z,1368-07-28T00:00:00Z,,http://www.wikidata.org/prop/direct/P31,http://www.wikidata.org/prop/direct/P31,http://www.wikidata.org/entity/Q5,human
http://www.wikidata.org/entity/Q666676,Bolko II the Small,p3918.htm#i39173,1308-05-01T00:00:00Z,1368-07-28T00:00:00Z,,http://www.wikidata.org/prop/direct/P53,http://www.wikidata.org/prop/direct/P53,http://www.wikidata.org/entity/Q11816382,Q11816382
http://www.wikidata.org/entity/Q666676,Bolko II the Small,p3918.htm#i39173,1308-05-01T00:00:00Z,1368-07-28T00:00:00Z,,http://www.wikidata.org/prop/direct/P97,http://www.wikidata.org/prop/direct/P97,http://www.wikidata.org/entity/Q166886,duke
http://www.wikidata.org/entity/Q666676,Bolko II the Small,p3918.htm#i39173,1308-05-01T00:00:00Z,1368-07-28T00:00:00Z,,http://www.wikidata.org/prop/direct/P10832,http://www.wikidata.org/prop/direct/P10832,E39PBJfWVVWXgHDh9gcRpXf6rq,E39PBJfWVVWXgHDh9gcRpXf6rq
http://www.wikidata.org/entity/Q666676,Bolko II the Small,p3918.htm#i39173,1308-05-01T00:00:00Z,1368-07-28T00:00:00Z,,http://www.wikidata.org/prop/direct/P11835,http://www.wikidata.org/prop/direct/P11835,9215,9215
http://www.wikidata.org/entity/Q666676,Bolko II the Small,p3918.htm#i39173,1308-05-01T00:00:00Z,1368-07-28T00:00:00Z,,http://www.wikidata.org/prop/direct/P12597,http://www.wikidata.org/prop/direct/P12597,29404,29404
http://www.wikidata.org/entity/Q666676,Bolko II the Small,p3918.htm#i39173,1308-05-01T00:00:00Z,1368-07-28T00:00:00Z,,http://www.wikidata.org/prop/direct/P13030,http://www.wikidata.org/prop/direct/P13030,person/4754,person/4754
http://www.wikidata.org/entity/Q666676,Bolko II the Small,p3918.htm#i39173,1308-05-01T00:00:00Z,1368-07-28T00:00:00Z,,http://www.wikidata.org/prop/direct/P13049,http://www.wikidata.org/prop/direct/P13049,104237392,104237392
http://www.wikidata.org/entity/Q666676,Bolko II the Small,p3918.htm#i39173,1308-05-01T00:00:00Z,1368-07-28T00:00:00Z,,http://www.wikidata.org/prop/direct/P1343,http://www.wikidata.org/prop/direct/P1343,http://www.wikidata.org/entity/Q590208,Allgemeine Deutsche Biographie
http://www.wikidata.org/entity/Q666676,Bolko II the Small,p3918.htm#i39173,1308-05-01T00:00:00Z,1368-07-28T00:00:00Z,,http://www.wikidata.org/prop/direct/P1412,http://www.wikidata.org/prop/direct/P1412,http://www.wikidata.org/entity/Q188,German
http://www.wikidata.org/entity/Q666676,Bolko II the Small,p3918.htm#i39173,1308-05-01T00:00:00Z,1368-07-28T00:00:00Z,,http://www.wikidata.org/prop/direct/P1412,http://www.wikidata.org/prop/direct/P1412,http://www.wikidata.org/entity/Q809,Polish
http://www.wikidata.org/entity/Q666676,Bolko II the Small,p3918.htm#i39173,1308-05-01T00:00:00Z,1368-07-28T00:00:00Z,,http://www.wikidata.org/prop/direct/P1819,http://www.wikidata.org/prop/direct/P1819,I00013316,I00013316
http://www.wikidata.org/entity/Q666676,Bolko II the Small,p3918.htm#i39173,1308-05-01T00:00:00Z,1368-07-28T00:00:00Z,,http://www.wikidata.org/prop/direct/P1871,http://www.wikidata.org/prop/direct/P1871,cnp00360801,cnp00360801
http://www.wikidata.org/entity/Q666676,Bolko II the Small,p3918.htm#i39173,1308-05-01T00:00:00Z,1368-07-28T00:00:00Z,,http://www.wikidata.org/prop/direct/P1871,http://www.wikidata.org/prop/direct/P1871,cnp01991973,cnp01991973
http://www.wikidata.org/entity/Q666676,Bolko II the Small,p3918.htm#i39173,1308-05-01T00:00:00Z,1368-07-28T00:00:00Z,,http://www.wikidata.org/prop/direct/P3373,http://www.wikidata.org/prop/direct/P3373,http://www.wikidata.org/entity/Q10787531,Elisabeth of Świdnica
http://www.wikidata.org/entity/Q666676,Bolko II the Small,p3918.htm#i39173,1308-05-01T00:00:00Z,1368-07-28T00:00:00Z,,http://www.wikidata.org/prop/direct/P3373,http://www.wikidata.org/prop/direct/P3373,http://www.wikidata.org/entity/Q5163598,Constance of Świdnica
http://www.wikidata.org/entity/Q666676,Bolko II the Small,p3918.htm#i39173,1308-05-01T00:00:00Z,1368-07-28T00:00:00Z,,http://www.wikidata.org/prop/direct/P3373,http://www.wikidata.org/prop/direct/P3373,http://www.wikidata.org/entity/Q553884,"Henry II, Duke of Świdnica"
http://www.wikidata.org/entity/Q666676,Bolko II the Small,p3918.htm#i39173,1308-05-01T00:00:00Z,1368-07-28T00:00:00Z,,http://www.wikidata.org/prop/direct/P373,http://www.wikidata.org/prop/direct/P373,Bolko II of Silesia,Bolko II of Silesia
http://www.wikidata.org/entity/Q666676,Bolko II the Small,p3918.htm#i39173,1308-05-01T00:00:00Z,1368-07-28T00:00:00Z,,http://www.wikidata.org/prop/direct/P4159,http://www.wikidata.org/prop/direct/P4159,Bolko_II_the_Small_(1),Bolko_II_the_Small_(1)
http://www.wikidata.org/entity/Q666676,Bolko II the Small,p3918.htm#i39173,1308-05-01T00:00:00Z,1368-07-28T00:00:00Z,,http://www.wikidata.org/prop/direct/P4638,http://www.wikidata.org/prop/direct/P4638,p3918.htm#i39173,p3918.htm#i39173
http://www.wikidata.org/entity/Q666676,Bolko II the Small,p3918.htm#i39173,1308-05-01T00:00:00Z,1368-07-28T00:00:00Z,,http://www.wikidata.org/prop/direct/P569,http://www.wikidata.org/prop/direct/P569,1308-05-01T00:00:00Z,1308-05-01T00:00:00Z
http://www.wikidata.org/entity/Q666676,Bolko II the Small,p3918.htm#i39173,1308-05-01T00:00:00Z,1368-07-28T00:00:00Z,,http://www.wikidata.org/prop/direct/P570,http://www.wikidata.org/prop/direct/P570,1368-07-28T00:00:00Z,1368-07-28T00:00:00Z
http://www.wikidata.org/entity/Q666676,Bolko II the Small,p3918.htm#i39173,1308-05-01T00:00:00Z,1368-07-28T00:00:00Z,,http://www.wikidata.org/prop/direct/P646,http://www.wikidata.org/prop/direct/P646,/m/025vvkk,/m/025vvkk
http://www.wikidata.org/entity/Q666676,Bolko II the Small,p3918.htm#i39173,1308-05-01T00:00:00Z,1368-07-28T00:00:00Z,,http://www.wikidata.org/prop/direct/P6482,http://www.wikidata.org/prop/direct/P6482,Q666676,Q666676
http://www.wikidata.org/entity/Q666676,Bolko II the Small,p3918.htm#i39173,1308-05-01T00:00:00Z,1368-07-28T00:00:00Z,,http://www.wikidata.org/prop/direct/P691,http://www.wikidata.org/prop/direct/P691,mzk20241227255,mzk20241227255
http://www.wikidata.org/entity/Q666676,Bolko II the Small,p3918.htm#i39173,1308-05-01T00:00:00Z,1368-07-28T00:00:00Z,,http://www.wikidata.org/prop/direct/P735,http://www.wikidata.org/prop/direct/P735,http://www.wikidata.org/entity/Q19819786,Bolesław
http://www.wikidata.org/entity/Q666676,Bolko II the Small,p3918.htm#i39173,1308-05-01T00:00:00Z,1368-07-28T00:00:00Z,,http://www.wikidata.org/prop/direct/P7902,http://www.wikidata.org/prop/direct/P7902,104237392,104237392
http://www.wikidata.org/entity/Q666676,Bolko II the Small,p3918.htm#i39173,1308-05-01T00:00:00Z,1368-07-28T00:00:00Z,,http://www.wikidata.org/prop/direct/P7929,http://www.wikidata.org/prop/direct/P7929,p=bolko ii maly;n=piast,p=bolko ii maly;n=piast
http://www.wikidata.org/entity/Q666676,Bolko II the Small,p3918.htm#i39173,1308-05-01T00:00:00Z,1368-07-28T00:00:00Z,,http://www.wikidata.org/prop/direct/P8172,http://www.wikidata.org/prop/direct/P8172,dw.1602,dw.1602
http://www.wikidata.org/entity/Q666676,Bolko II the Small,p3918.htm#i39173,1308-05-01T00:00:00Z,1368-07-28T00:00:00Z,,http://www.wikidata.org/prop/direct/P8440,http://www.wikidata.org/prop/direct/P8440,046-00764-001,046-00764-001
http://www.wikidata.org/entity/Q666836,"Frederick, Duke of Lower Lorraine",p15058.htm#i150578,1003-01-01T00:00:00Z,1065-09-03T00:00:00Z,,http://www.wikidata.org/prop/direct/P106,http://www.wikidata.org/prop/direct/P106,http://www.wikidata.org/entity/Q1409420,feudatory
http://www.wikidata.org/entity/Q666836,"Frederick, Duke of Lower Lorraine",p15058.htm#i150578,1003-01-01T00:00:00Z,1065-09-03T00:00:00Z,,http://www.wikidata.org/prop/direct/P119,http://www.wikidata.org/prop/direct/P119,http://www.wikidata.org/entity/Q314520,Stavelot Abbey
http://www.wikidata.org/entity/Q666836,"Frederick, Duke of Lower Lorraine",p15058.htm#i150578,1003-01-01T00:00:00Z,1065-09-03T00:00:00Z,,http://www.wikidata.org/prop/direct/P19,http://www.wikidata.org/prop/direct/P19,http://www.wikidata.org/.well-known/genid/088edb132ea5417e06e0ec17d51f4df7,http://www.wikidata.org/.well-known/genid/088edb132ea5417e06e0ec17d51f4df7
http://www.wikidata.org/entity/Q666836,"Frederick, Duke of Lower Lorraine",p15058.htm#i150578,1003-01-01T00:00:00Z,1065-09-03T00:00:00Z,,http://www.wikidata.org/prop/direct/P20,http://www.wikidata.org/prop/direct/P20,http://www.wikidata.org/.well-known/genid/812b0d2dca47c18049eaaf6c6ac2f374,http://www.wikidata.org/.well-known/genid/812b0d2dca47c18049eaaf6c6ac2f374
http://www.wikidata.org/entity/Q666836,"Frederick, Duke of Lower Lorraine",p15058.htm#i150578,1003-01-01T00:00:00Z,1065-09-03T00:00:00Z,,http://www.wikidata.org/prop/direct/P21,http://www.wikidata.org/prop/direct/P21,http://www.wikidata.org/entity/Q6581097,male
http://www.wikidata.org/entity/Q666836,"Frederick, Duke of Lower Lorraine",p15058.htm#i150578,1003-01-01T00:00:00Z,1065-09-03T00:00:00Z,,http://www.wikidata.org/prop/direct/P214,http://www.wikidata.org/prop/direct/P214,81125456,81125456
http://www.wikidata.org/entity/Q666836,"Frederick, Duke of Lower Lorraine",p15058.htm#i150578,1003-01-01T00:00:00Z,1065-09-03T00:00:00Z,,http://www.wikidata.org/prop/direct/P22,http://www.wikidata.org/prop/direct/P22,http://www.wikidata.org/entity/Q688842,Frederick of Luxembourg
http://www.wikidata.org/entity/Q666836,"Frederick, Duke of Lower Lorraine",p15058.htm#i150578,1003-01-01T00:00:00Z,1065-09-03T00:00:00Z,,http://www.wikidata.org/prop/direct/P227,http://www.wikidata.org/prop/direct/P227,136848117,136848117
http://www.wikidata.org/entity/Q666836,"Frederick, Duke of Lower Lorraine",p15058.htm#i150578,1003-01-01T00:00:00Z,1065-09-03T00:00:00Z,,http://www.wikidata.org/prop/direct/P25,http://www.wikidata.org/prop/direct/P25,http://www.wikidata.org/entity/Q1650582,Irmentrude van de Wetterau
http://www.wikidata.org/entity/Q666836,"Frederick, Duke of Lower Lorraine",p15058.htm#i150578,1003-01-01T00:00:00Z,1065-09-03T00:00:00Z,,http://www.wikidata.org/prop/direct/P26,http://www.wikidata.org/prop/direct/P26,http://www.wikidata.org/entity/Q3057472,Gerberga of Boulogne
http://www.wikidata.org/entity/Q666836,"Frederick, Duke of Lower Lorraine",p15058.htm#i150578,1003-01-01T00:00:00Z,1065-09-03T00:00:00Z,,http://www.wikidata.org/prop/direct/P26,http://www.wikidata.org/prop/direct/P26,http://www.wikidata.org/entity/Q3147770,Ida of Saxony
http://www.wikidata.org/entity/Q666836,"Frederick, Duke of Lower Lorraine",p15058.htm#i150578,1003-01-01T00:00:00Z,1065-09-03T00:00:00Z,,http://www.wikidata.org/prop/direct/P31,http://www.wikidata.org/prop/direct/P31,http://www.wikidata.org/entity/Q5,human
http://www.wikidata.org/entity/Q666836,"Frederick, Duke of Lower Lorraine",p15058.htm#i150578,1003-01-01T00:00:00Z,1065-09-03T00:00:00Z,,http://www.wikidata.org/prop/direct/P40,http://www.wikidata.org/prop/direct/P40,http://www.wikidata.org/entity/Q76207648,Judith von Luxemburg
http://www.wikidata.org/entity/Q666836,"Frederick, Duke of Lower Lorraine",p15058.htm#i150578,1003-01-01T00:00:00Z,1065-09-03T00:00:00Z,,http://www.wikidata.org/prop/direct/P53,http://www.wikidata.org/prop/direct/P53,http://www.wikidata.org/entity/Q819662,Ardennes-Verdun dynasty
http://www.wikidata.org/entity/Q666836,"Frederick, Duke of Lower Lorraine",p15058.htm#i150578,1003-01-01T00:00:00Z,1065-09-03T00:00:00Z,,http://www.wikidata.org/prop/direct/P97,http://www.wikidata.org/prop/direct/P97,http://www.wikidata.org/entity/Q22343689,duke of Lower Lotharingia
http://www.wikidata.org/entity/Q666836,"Frederick, Duke of Lower Lorraine",p15058.htm#i150578,1003-01-01T00:00:00Z,1065-09-03T00:00:00Z,,http://www.wikidata.org/prop/direct/P11835,http://www.wikidata.org/prop/direct/P11835,7025,7025
http://www.wikidata.org/entity/Q666836,"Frederick, Duke of Lower Lorraine",p15058.htm#i150578,1003-01-01T00:00:00Z,1065-09-03T00:00:00Z,,http://www.wikidata.org/prop/direct/P1185,http://www.wikidata.org/prop/direct/P1185,8744,8744
http://www.wikidata.org/entity/Q666836,"Frederick, Duke of Lower Lorraine",p15058.htm#i150578,1003-01-01T00:00:00Z,1065-09-03T00:00:00Z,,http://www.wikidata.org/prop/direct/P1819,http://www.wikidata.org/prop/direct/P1819,I00091990,I00091990
http://www.wikidata.org/entity/Q666836,"Frederick, Duke of Lower Lorraine",p15058.htm#i150578,1003-01-01T00:00:00Z,1065-09-03T00:00:00Z,,http://www.wikidata.org/prop/direct/P1871,http://www.wikidata.org/prop/direct/P1871,cnp01159051,cnp01159051
http://www.wikidata.org/entity/Q666836,"Frederick, Duke of Lower Lorraine",p15058.htm#i150578,1003-01-01T00:00:00Z,1065-09-03T00:00:00Z,,http://www.wikidata.org/prop/direct/P1889,http://www.wikidata.org/prop/direct/P1889,http://www.wikidata.org/entity/Q3057472,Gerberga of Boulogne
http://www.wikidata.org/entity/Q666836,"Frederick, Duke of Lower Lorraine",p15058.htm#i150578,1003-01-01T00:00:00Z,1065-09-03T00:00:00Z,,http://www.wikidata.org/prop/direct/P2600,http://www.wikidata.org/prop/direct/P2600,6000000002187723758,6000000002187723758
http://www.wikidata.org/entity/Q666836,"Frederick, Duke of Lower Lorraine",p15058.htm#i150578,1003-01-01T00:00:00Z,1065-09-03T00:00:00Z,,http://www.wikidata.org/prop/direct/P2949,http://www.wikidata.org/prop/direct/P2949,Luxembourg-102,Luxembourg-102
http://www.wikidata.org/entity/Q666836,"Frederick, Duke of Lower Lorraine",p15058.htm#i150578,1003-01-01T00:00:00Z,1065-09-03T00:00:00Z,,http://www.wikidata.org/prop/direct/P3373,http://www.wikidata.org/prop/direct/P3373,http://www.wikidata.org/entity/Q1351773,Giselbert of Luxembourg
http://www.wikidata.org/entity/Q666836,"Frederick, Duke of Lower Lorraine",p15058.htm#i150578,1003-01-01T00:00:00Z,1065-09-03T00:00:00Z,,http://www.wikidata.org/prop/direct/P3373,http://www.wikidata.org/prop/direct/P3373,http://www.wikidata.org/entity/Q1611579,Hermann of Gleiberg
http://www.wikidata.org/entity/Q666836,"Frederick, Duke of Lower Lorraine",p15058.htm#i150578,1003-01-01T00:00:00Z,1065-09-03T00:00:00Z,,http://www.wikidata.org/prop/direct/P3373,http://www.wikidata.org/prop/direct/P3373,http://www.wikidata.org/entity/Q16846690,Imiza of Luxembourg
http://www.wikidata.org/entity/Q666836,"Frederick, Duke of Lower Lorraine",p15058.htm#i150578,1003-01-01T00:00:00Z,1065-09-03T00:00:00Z,,http://www.wikidata.org/prop/direct/P3373,http://www.wikidata.org/prop/direct/P3373,http://www.wikidata.org/entity/Q347166,Adalbero III of Luxembourg
http://www.wikidata.org/entity/Q666836,"Frederick, Duke of Lower Lorraine",p15058.htm#i150578,1003-01-01T00:00:00Z,1065-09-03T00:00:00Z,,http://www.wikidata.org/prop/direct/P3373,http://www.wikidata.org/prop/direct/P3373,http://www.wikidata.org/entity/Q5260727,Ogive of Luxembourg
http://www.wikidata.org/entity/Q666836,"Frederick, Duke of Lower Lorraine",p15058.htm#i150578,1003-01-01T00:00:00Z,1065-09-03T00:00:00Z,,http://www.wikidata.org/prop/direct/P3373,http://www.wikidata.org/prop/direct/P3373,http://www.wikidata.org/entity/Q543351,"Henry VII, Duke of Bavaria"
http://www.wikidata.org/entity/Q666836,"Frederick, Duke of Lower Lorraine",p15058.htm#i150578,1003-01-01T00:00:00Z,1065-09-03T00:00:00Z,,http://www.wikidata.org/prop/direct/P4159,http://www.wikidata.org/prop/direct/P4159,"Frederick,_Duke_of_Lower_Lorraine_(1)","Frederick,_Duke_of_Lower_Lorraine_(1)"
http://www.wikidata.org/entity/Q666836,"Frederick, Duke of Lower Lorraine",p15058.htm#i150578,1003-01-01T00:00:00Z,1065-09-03T00:00:00Z,,http://www.wikidata.org/prop/direct/P4638,http://www.wikidata.org/prop/direct/P4638,p15058.htm#i150578,p15058.htm#i150578
http://www.wikidata.org/entity/Q666836,"Frederick, Duke of Lower Lorraine",p15058.htm#i150578,1003-01-01T00:00:00Z,1065-09-03T00:00:00Z,,http://www.wikidata.org/prop/direct/P569,http://www.wikidata.org/prop/direct/P569,1003-01-01T00:00:00Z,1003-01-01T00:00:00Z
http://www.wikidata.org/entity/Q666836,"Frederick, Duke of Lower Lorraine",p15058.htm#i150578,1003-01-01T00:00:00Z,1065-09-03T00:00:00Z,,http://www.wikidata.org/prop/direct/P570,http://www.wikidata.org/prop/direct/P570,1065-09-03T00:00:00Z,1065-09-03T00:00:00Z
http://www.wikidata.org/entity/Q666836,"Frederick, Duke of Lower Lorraine",p15058.htm#i150578,1003-01-01T00:00:00Z,1065-09-03T00:00:00Z,,http://www.wikidata.org/prop/direct/P646,http://www.wikidata.org/prop/direct/P646,/m/0cf77l,/m/0cf77l
http://www.wikidata.org/entity/Q666836,"Frederick, Duke of Lower Lorraine",p15058.htm#i150578,1003-01-01T00:00:00Z,1065-09-03T00:00:00Z,,http://www.wikidata.org/prop/direct/P735,http://www.wikidata.org/prop/direct/P735,http://www.wikidata.org/entity/Q17539077,Frederik
http://www.wikidata.org/entity/Q666836,"Frederick, Duke of Lower Lorraine",p15058.htm#i150578,1003-01-01T00:00:00Z,1065-09-03T00:00:00Z,,http://www.wikidata.org/prop/direct/P7902,http://www.wikidata.org/prop/direct/P7902,136848117,136848117
http://www.wikidata.org/entity/Q666836,"Frederick, Duke of Lower Lorraine",p15058.htm#i150578,1003-01-01T00:00:00Z,1065-09-03T00:00:00Z,,http://www.wikidata.org/prop/direct/P7929,http://www.wikidata.org/prop/direct/P7929,p=friedrich;n=de luxembourg,p=friedrich;n=de luxembourg
http://www.wikidata.org/entity/Q66690261,"William Livingston, 4th Lord Livingston",p45963.htm#i459626,1405-01-01T00:00:00Z,1518-01-01T00:00:00Z,,http://www.wikidata.org/prop/direct/P21,http://www.wikidata.org/prop/direct/P21,http://www.wikidata.org/entity/Q6581097,male
http://www.wikidata.org/entity/Q66690261,"William Livingston, 4th Lord Livingston",p45963.htm#i459626,1405-01-01T00:00:00Z,1518-01-01T00:00:00Z,,http://www.wikidata.org/prop/direct/P22,http://www.wikidata.org/prop/direct/P22,http://www.wikidata.org/entity/Q76001269,"James Livingston, 3rd Lord Livingston"
http://www.wikidata.org/entity/Q66690261,"William Livingston, 4th Lord Livingston",p45963.htm#i459626,1405-01-01T00:00:00Z,1518-01-01T00:00:00Z,,http://www.wikidata.org/prop/direct/P25,http://www.wikidata.org/prop/direct/P25,http://www.wikidata.org/entity/Q76177277,Elizabeth Fleming
http://www.wikidata.org/entity/Q66690261,"William Livingston, 4th Lord Livingston",p45963.htm#i459626,1405-01-01T00:00:00Z,1518-01-01T00:00:00Z,,http://www.wikidata.org/prop/direct/P26,http://www.wikidata.org/prop/direct/P26,http://www.wikidata.org/entity/Q75982023,Agnes Hepburn
http://www.wikidata.org/entity/Q66690261,"William Livingston, 4th Lord Livingston",p45963.htm#i459626,1405-01-01T00:00:00Z,1518-01-01T00:00:00Z,,http://www.wikidata.org/prop/direct/P31,http://www.wikidata.org/prop/direct/P31,http://www.wikidata.org/entity/Q5,human
http://www.wikidata.org/entity/Q66690261,"William Livingston, 4th Lord Livingston",p45963.htm#i459626,1405-01-01T00:00:00Z,1518-01-01T00:00:00Z,,http://www.wikidata.org/prop/direct/P40,http://www.wikidata.org/prop/direct/P40,http://www.wikidata.org/entity/Q4719421,"Alexander Livingston, 5th Lord Livingston"
http://www.wikidata.org/entity/Q66690261,"William Livingston, 4th Lord Livingston",p45963.htm#i459626,1405-01-01T00:00:00Z,1518-01-01T00:00:00Z,,http://www.wikidata.org/prop/direct/P40,http://www.wikidata.org/prop/direct/P40,http://www.wikidata.org/entity/Q76001266,Margaret Livingston
http://www.wikidata.org/entity/Q66690261,"William Livingston, 4th Lord Livingston",p45963.htm#i459626,1405-01-01T00:00:00Z,1518-01-01T00:00:00Z,,http://www.wikidata.org/prop/direct/P40,http://www.wikidata.org/prop/direct/P40,http://www.wikidata.org/entity/Q76177279,James Livingston
http://www.wikidata.org/entity/Q66690261,"William Livingston, 4th Lord Livingston",p45963.htm#i459626,1405-01-01T00:00:00Z,1518-01-01T00:00:00Z,,http://www.wikidata.org/prop/direct/P1819,http://www.wikidata.org/prop/direct/P1819,I00117091,I00117091
http://www.wikidata.org/entity/Q66690261,"William Livingston, 4th Lord Livingston",p45963.htm#i459626,1405-01-01T00:00:00Z,1518-01-01T00:00:00Z,,http://www.wikidata.org/prop/direct/P2671,http://www.wikidata.org/prop/direct/P2671,/g/11hzzxft6t,/g/11hzzxft6t
http://www.wikidata.org/entity/Q66690261,"William Livingston, 4th Lord Livingston",p45963.htm#i459626,1405-01-01T00:00:00Z,1518-01-01T00:00:00Z,,http://www.wikidata.org/prop/direct/P2949,http://www.wikidata.org/prop/direct/P2949,Livingston-182,Livingston-182
http://www.wikidata.org/entity/Q66690261,"William Livingston, 4th Lord Livingston",p45963.htm#i459626,1405-01-01T00:00:00Z,1518-01-01T00:00:00Z,,http://www.wikidata.org/prop/direct/P4638,http://www.wikidata.org/prop/direct/P4638,p45963.htm#i459626,p45963.htm#i459626
http://www.wikidata.org/entity/Q66690261,"William Livingston, 4th Lord Livingston",p45963.htm#i459626,1405-01-01T00:00:00Z,1518-01-01T00:00:00Z,,http://www.wikidata.org/prop/direct/P569,http://www.wikidata.org/prop/direct/P569,1405-01-01T00:00:00Z,1405-01-01T00:00:00Z
http://www.wikidata.org/entity/Q66690261,"William Livingston, 4th Lord Livingston",p45963.htm#i459626,1405-01-01T00:00:00Z,1518-01-01T00:00:00Z,,http://www.wikidata.org/prop/direct/P570,http://www.wikidata.org/prop/direct/P570,1518-01-01T00:00:00Z,1518-01-01T00:00:00Z
http://www.wikidata.org/entity/Q66690261,"William Livingston, 4th Lord Livingston",p45963.htm#i459626,1405-01-01T00:00:00Z,1518-01-01T00:00:00Z,,http://www.wikidata.org/prop/direct/P735,http://www.wikidata.org/prop/direct/P735,http://www.wikidata.org/entity/Q12344159,William
http://www.wikidata.org/entity/Q667227,Oswulf,p15032.htm#i150314,0800-01-01T00:00:00Z,0759-07-28T00:00:00Z,,http://www.wikidata.org/prop/direct/P106,http://www.wikidata.org/prop/direct/P106,http://www.wikidata.org/entity/Q2304859,sovereign
http://www.wikidata.org/entity/Q667227,Oswulf,p15032.htm#i150314,0800-01-01T00:00:00Z,0759-07-28T00:00:00Z,,http://www.wikidata.org/prop/direct/P20,http://www.wikidata.org/prop/direct/P20,http://www.wikidata.org/.well-known/genid/01006361dde1eb0d96a9bf4e0298b388,http://www.wikidata.org/.well-known/genid/01006361dde1eb0d96a9bf4e0298b388
http://www.wikidata.org/entity/Q667227,Oswulf,p15032.htm#i150314,0800-01-01T00:00:00Z,0759-07-28T00:00:00Z,,http://www.wikidata.org/prop/direct/P21,http://www.wikidata.org/prop/direct/P21,http://www.wikidata.org/entity/Q6581097,male
http://www.wikidata.org/entity/Q667227,Oswulf,p15032.htm#i150314,0800-01-01T00:00:00Z,0759-07-28T00:00:00Z,,http://www.wikidata.org/prop/direct/P22,http://www.wikidata.org/prop/direct/P22,http://www.wikidata.org/entity/Q880235,Eadberht
http://www.wikidata.org/entity/Q667227,Oswulf,p15032.htm#i150314,0800-01-01T00:00:00Z,0759-07-28T00:00:00Z,,http://www.wikidata.org/prop/direct/P31,http://www.wikidata.org/prop/direct/P31,http://www.wikidata.org/entity/Q5,human
http://www.wikidata.org/entity/Q667227,Oswulf,p15032.htm#i150314,0800-01-01T00:00:00Z,0759-07-28T00:00:00Z,,http://www.wikidata.org/prop/direct/P39,http://www.wikidata.org/prop/direct/P39,http://www.wikidata.org/entity/Q21162517,King of Northumbria
http://www.wikidata.org/entity/Q667227,Oswulf,p15032.htm#i150314,0800-01-01T00:00:00Z,0759-07-28T00:00:00Z,,http://www.wikidata.org/prop/direct/P40,http://www.wikidata.org/prop/direct/P40,http://www.wikidata.org/entity/Q11799550,Osgifu
http://www.wikidata.org/entity/Q667227,Oswulf,p15032.htm#i150314,0800-01-01T00:00:00Z,0759-07-28T00:00:00Z,,http://www.wikidata.org/prop/direct/P40,http://www.wikidata.org/prop/direct/P40,http://www.wikidata.org/entity/Q271379,Ælfwald I
http://www.wikidata.org/entity/Q667227,Oswulf,p15032.htm#i150314,0800-01-01T00:00:00Z,0759-07-28T00:00:00Z,,http://www.wikidata.org/prop/direct/P1196,http://www.wikidata.org/prop/direct/P1196,http://www.wikidata.org/entity/Q149086,homicide
http://www.wikidata.org/entity/Q667227,Oswulf,p15032.htm#i150314,0800-01-01T00:00:00Z,0759-07-28T00:00:00Z,,http://www.wikidata.org/prop/direct/P1343,http://www.wikidata.org/prop/direct/P1343,http://www.wikidata.org/entity/Q15987216,"Dictionary of National Biography, 1885–1900"
http://www.wikidata.org/entity/Q667227,Oswulf,p15032.htm#i150314,0800-01-01T00:00:00Z,0759-07-28T00:00:00Z,,http://www.wikidata.org/prop/direct/P1415,http://www.wikidata.org/prop/direct/P1415,20928,20928
http://www.wikidata.org/entity/Q667227,Oswulf,p15032.htm#i150314,0800-01-01T00:00:00Z,0759-07-28T00:00:00Z,,http://www.wikidata.org/prop/direct/P1819,http://www.wikidata.org/prop/direct/P1819,I00349176,I00349176
http://www.wikidata.org/entity/Q667227,Oswulf,p15032.htm#i150314,0800-01-01T00:00:00Z,0759-07-28T00:00:00Z,,http://www.wikidata.org/prop/direct/P2625,http://www.wikidata.org/prop/direct/P2625,38418,38418
http://www.wikidata.org/entity/Q667227,Oswulf,p15032.htm#i150314,0800-01-01T00:00:00Z,0759-07-28T00:00:00Z,,http://www.wikidata.org/prop/direct/P4638,http://www.wikidata.org/prop/direct/P4638,p15032.htm#i150314,p15032.htm#i150314
http://www.wikidata.org/entity/Q667227,Oswulf,p15032.htm#i150314,0800-01-01T00:00:00Z,0759-07-28T00:00:00Z,,http://www.wikidata.org/prop/direct/P569,http://www.wikidata.org/prop/direct/P569,0800-01-01T00:00:00Z,0800-01-01T00:00:00Z
http://www.wikidata.org/entity/Q667227,Oswulf,p15032.htm#i150314,0800-01-01T00:00:00Z,0759-07-28T00:00:00Z,,http://www.wikidata.org/prop/direct/P570,http://www.wikidata.org/prop/direct/P570,0759-07-28T00:00:00Z,0759-07-28T00:00:00Z
http://www.wikidata.org/entity/Q667227,Oswulf,p15032.htm#i150314,0800-01-01T00:00:00Z,0759-07-28T00:00:00Z,,http://www.wikidata.org/prop/direct/P646,http://www.wikidata.org/prop/direct/P646,/m/0bsdys,/m/0bsdys
http://www.wikidata.org/entity/Q667251,Demetrius II of Georgia,p21915.htm#i219142,1259-01-01T00:00:00Z,1289-03-12T00:00:00Z,,http://www.wikidata.org/prop/direct/P103,http://www.wikidata.org/prop/direct/P103,http://www.wikidata.org/entity/Q8108,Georgian
http://www.wikidata.org/entity/Q667251,Demetrius II of Georgia,p21915.htm#i219142,1259-01-01T00:00:00Z,1289-03-13T00:00:00Z,,http://www.wikidata.org/prop/direct/P103,http://www.wikidata.org/prop/direct/P103,http://www.wikidata.org/entity/Q8108,Georgian
http://www.wikidata.org/entity/Q667251,Demetrius II of Georgia,p21915.htm#i219142,1259-01-01T00:00:00Z,1289-03-12T00:00:00Z,,http://www.wikidata.org/prop/direct/P106,http://www.wikidata.org/prop/direct/P106,http://www.wikidata.org/entity/Q11573099,royalty
http://www.wikidata.org/entity/Q667251,Demetrius II of Georgia,p21915.htm#i219142,1259-01-01T00:00:00Z,1289-03-13T00:00:00Z,,http://www.wikidata.org/prop/direct/P106,http://www.wikidata.org/prop/direct/P106,http://www.wikidata.org/entity/Q11573099,royalty
http://www.wikidata.org/entity/Q667251,Demetrius II of Georgia,p21915.htm#i219142,1259-01-01T00:00:00Z,1289-03-12T00:00:00Z,,http://www.wikidata.org/prop/direct/P106,http://www.wikidata.org/prop/direct/P106,http://www.wikidata.org/entity/Q82955,politician
http://www.wikidata.org/entity/Q667251,Demetrius II of Georgia,p21915.htm#i219142,1259-01-01T00:00:00Z,1289-03-13T00:00:00Z,,http://www.wikidata.org/prop/direct/P106,http://www.wikidata.org/prop/direct/P106,http://www.wikidata.org/entity/Q82955,politician
http://www.wikidata.org/entity/Q667251,Demetrius II of Georgia,p21915.htm#i219142,1259-01-01T00:00:00Z,1289-03-12T00:00:00Z,,http://www.wikidata.org/prop/direct/P119,http://www.wikidata.org/prop/direct/P119,http://www.wikidata.org/entity/Q1152972,Svetitskhoveli Cathedral
http://www.wikidata.org/entity/Q667251,Demetrius II of Georgia,p21915.htm#i219142,1259-01-01T00:00:00Z,1289-03-13T00:00:00Z,,http://www.wikidata.org/prop/direct/P119,http://www.wikidata.org/prop/direct/P119,http://www.wikidata.org/entity/Q1152972,Svetitskhoveli Cathedral
http://www.wikidata.org/entity/Q667251,Demetrius II of Georgia,p21915.htm#i219142,1259-01-01T00:00:00Z,1289-03-12T00:00:00Z,,http://www.wikidata.org/prop/direct/P140,http://www.wikidata.org/prop/direct/P140,http://www.wikidata.org/entity/Q192173,Georgian Orthodox Church
http://www.wikidata.org/entity/Q667251,Demetrius II of Georgia,p21915.htm#i219142,1259-01-01T00:00:00Z,1289-03-13T00:00:00Z,,http://www.wikidata.org/prop/direct/P140,http://www.wikidata.org/prop/direct/P140,http://www.wikidata.org/entity/Q192173,Georgian Orthodox Church
http://www.wikidata.org/entity/Q667251,Demetrius II of Georgia,p21915.htm#i219142,1259-01-01T00:00:00Z,1289-03-12T00:00:00Z,,http://www.wikidata.org/prop/direct/P18,http://www.wikidata.org/prop/direct/P18,http://commons.wikimedia.org/wiki/Special:FilePath/Georgian%20fresco%2023.jpg,http://commons.wikimedia.org/wiki/Special:FilePath/Georgian%20fresco%2023.jpg
http://www.wikidata.org/entity/Q667251,Demetrius II of Georgia,p21915.htm#i219142,1259-01-01T00:00:00Z,1289-03-13T00:00:00Z,,http://www.wikidata.org/prop/direct/P18,http://www.wikidata.org/prop/direct/P18,http://commons.wikimedia.org/wiki/Special:FilePath/Georgian%20fresco%2023.jpg,http://commons.wikimedia.org/wiki/Special:FilePath/Georgian%20fresco%2023.jpg
http://www.wikidata.org/entity/Q667251,Demetrius II of Georgia,p21915.htm#i219142,1259-01-01T00:00:00Z,1289-03-12T00:00:00Z,,http://www.wikidata.org/prop/direct/P21,http://www.wikidata.org/prop/direct/P21,http://www.wikidata.org/entity/Q6581097,male
http://www.wikidata.org/entity/Q667251,Demetrius II of Georgia,p21915.htm#i219142,1259-01-01T00:00:00Z,1289-03-13T00:00:00Z,,http://www.wikidata.org/prop/direct/P21,http://www.wikidata.org/prop/direct/P21,http://www.wikidata.org/entity/Q6581097,male
http://www.wikidata.org/entity/Q667251,Demetrius II of Georgia,p21915.htm#i219142,1259-01-01T00:00:00Z,1289-03-12T00:00:00Z,,http://www.wikidata.org/prop/direct/P22,http://www.wikidata.org/prop/direct/P22,http://www.wikidata.org/entity/Q887093,David VII of Georgia
http://www.wikidata.org/entity/Q667251,Demetrius II of Georgia,p21915.htm#i219142,1259-01-01T00:00:00Z,1289-03-13T00:00:00Z,,http://www.wikidata.org/prop/direct/P22,http://www.wikidata.org/prop/direct/P22,http://www.wikidata.org/entity/Q887093,David VII of Georgia
http://www.wikidata.org/entity/Q667251,Demetrius II of Georgia,p21915.htm#i219142,1259-01-01T00:00:00Z,1289-03-12T00:00:00Z,,http://www.wikidata.org/prop/direct/P25,http://www.wikidata.org/prop/direct/P25,http://www.wikidata.org/entity/Q5623203,Gvantsa Kakhaberidze
http://www.wikidata.org/entity/Q667251,Demetrius II of Georgia,p21915.htm#i219142,1259-01-01T00:00:00Z,1289-03-13T00:00:00Z,,http://www.wikidata.org/prop/direct/P25,http://www.wikidata.org/prop/direct/P25,http://www.wikidata.org/entity/Q5623203,Gvantsa Kakhaberidze
http://www.wikidata.org/entity/Q667251,Demetrius II of Georgia,p21915.htm#i219142,1259-01-01T00:00:00Z,1289-03-12T00:00:00Z,,http://www.wikidata.org/prop/direct/P26,http://www.wikidata.org/prop/direct/P26,http://www.wikidata.org/entity/Q56735319,Megale Komnena
http://www.wikidata.org/entity/Q667251,Demetrius II of Georgia,p21915.htm#i219142,1259-01-01T00:00:00Z,1289-03-13T00:00:00Z,,http://www.wikidata.org/prop/direct/P26,http://www.wikidata.org/prop/direct/P26,http://www.wikidata.org/entity/Q56735319,Megale Komnena
http://www.wikidata.org/entity/Q667251,Demetrius II of Georgia,p21915.htm#i219142,1259-01-01T00:00:00Z,1289-03-12T00:00:00Z,,http://www.wikidata.org/prop/direct/P26,http://www.wikidata.org/prop/direct/P26,http://www.wikidata.org/entity/Q84022073,Natela Jaqeli
http://www.wikidata.org/entity/Q667251,Demetrius II of Georgia,p21915.htm#i219142,1259-01-01T00:00:00Z,1289-03-13T00:00:00Z,,http://www.wikidata.org/prop/direct/P26,http://www.wikidata.org/prop/direct/P26,http://www.wikidata.org/entity/Q84022073,Natela Jaqeli
http://www.wikidata.org/entity/Q667251,Demetrius II of Georgia,p21915.htm#i219142,1259-01-01T00:00:00Z,1289-03-12T00:00:00Z,,http://www.wikidata.org/prop/direct/P26,http://www.wikidata.org/prop/direct/P26,http://www.wikidata.org/entity/Q84072595,Solghar
http://www.wikidata.org/entity/Q667251,Demetrius II of Georgia,p21915.htm#i219142,1259-01-01T00:00:00Z,1289-03-13T00:00:00Z,,http://www.wikidata.org/prop/direct/P26,http://www.wikidata.org/prop/direct/P26,http://www.wikidata.org/entity/Q84072595,Solghar
http://www.wikidata.org/entity/Q667251,Demetrius II of Georgia,p21915.htm#i219142,1259-01-01T00:00:00Z,1289-03-12T00:00:00Z,,http://www.wikidata.org/prop/direct/P27,http://www.wikidata.org/prop/direct/P27,http://www.wikidata.org/entity/Q154667,Kingdom of Georgia
http://www.wikidata.org/entity/Q667251,Demetrius II of Georgia,p21915.htm#i219142,1259-01-01T00:00:00Z,1289-03-13T00:00:00Z,,http://www.wikidata.org/prop/direct/P27,http://www.wikidata.org/prop/direct/P27,http://www.wikidata.org/entity/Q154667,Kingdom of Georgia
http://www.wikidata.org/entity/Q667251,Demetrius II of Georgia,p21915.htm#i219142,1259-01-01T00:00:00Z,1289-03-12T00:00:00Z,,http://www.wikidata.org/prop/direct/P31,http://www.wikidata.org/prop/direct/P31,http://www.wikidata.org/entity/Q5,human
http://www.wikidata.org/entity/Q667251,Demetrius II of Georgia,p21915.htm#i219142,1259-01-01T00:00:00Z,1289-03-13T00:00:00Z,,http://www.wikidata.org/prop/direct/P31,http://www.wikidata.org/prop/direct/P31,http://www.wikidata.org/entity/Q5,human
http://www.wikidata.org/entity/Q667251,Demetrius II of Georgia,p21915.htm#i219142,1259-01-01T00:00:00Z,1289-03-12T00:00:00Z,,http://www.wikidata.org/prop/direct/P40,http://www.wikidata.org/prop/direct/P40,http://www.wikidata.org/entity/Q2879243,Bahadur Bagrationi
http://www.wikidata.org/entity/Q667251,Demetrius II of Georgia,p21915.htm#i219142,1259-01-01T00:00:00Z,1289-03-13T00:00:00Z,,http://www.wikidata.org/prop/direct/P40,http://www.wikidata.org/prop/direct/P40,http://www.wikidata.org/entity/Q2879243,Bahadur Bagrationi
http://www.wikidata.org/entity/Q667251,Demetrius II of Georgia,p21915.htm#i219142,1259-01-01T00:00:00Z,1289-03-12T00:00:00Z,,http://www.wikidata.org/prop/direct/P40,http://www.wikidata.org/prop/direct/P40,http://www.wikidata.org/entity/Q3147187,Iadgar Bagration
http://www.wikidata.org/entity/Q667251,Demetrius II of Georgia,p21915.htm#i219142,1259-01-01T00:00:00Z,1289-03-13T00:00:00Z,,http://www.wikidata.org/prop/direct/P40,http://www.wikidata.org/prop/direct/P40,http://www.wikidata.org/entity/Q3147187,Iadgar Bagration
http://www.wikidata.org/entity/Q667251,Demetrius II of Georgia,p21915.htm#i219142,1259-01-01T00:00:00Z,1289-03-12T00:00:00Z,,http://www.wikidata.org/prop/direct/P40,http://www.wikidata.org/prop/direct/P40,http://www.wikidata.org/entity/Q3284984,Mamia Bagration
http://www.wikidata.org/entity/Q667251,Demetrius II of Georgia,p21915.htm#i219142,1259-01-01T00:00:00Z,1289-03-13T00:00:00Z,,http://www.wikidata.org/prop/direct/P40,http://www.wikidata.org/prop/direct/P40,http://www.wikidata.org/entity/Q3284984,Mamia Bagration
http://www.wikidata.org/entity/Q667251,Demetrius II of Georgia,p21915.htm#i219142,1259-01-01T00:00:00Z,1289-03-12T00:00:00Z,,http://www.wikidata.org/prop/direct/P40,http://www.wikidata.org/prop/direct/P40,http://www.wikidata.org/entity/Q56735397,Lasha Bagration
http://www.wikidata.org/entity/Q667251,Demetrius II of Georgia,p21915.htm#i219142,1259-01-01T00:00:00Z,1289-03-13T00:00:00Z,,http://www.wikidata.org/prop/direct/P40,http://www.wikidata.org/prop/direct/P40,http://www.wikidata.org/entity/Q56735397,Lasha Bagration
http://www.wikidata.org/entity/Q667251,Demetrius II of Georgia,p21915.htm#i219142,1259-01-01T00:00:00Z,1289-03-12T00:00:00Z,,http://www.wikidata.org/prop/direct/P40,http://www.wikidata.org/prop/direct/P40,http://www.wikidata.org/entity/Q56735448,Rusudan Bagration
http://www.wikidata.org/entity/Q667251,Demetrius II of Georgia,p21915.htm#i219142,1259-01-01T00:00:00Z,1289-03-13T00:00:00Z,,http://www.wikidata.org/prop/direct/P40,http://www.wikidata.org/prop/direct/P40,http://www.wikidata.org/entity/Q56735448,Rusudan Bagration
http://www.wikidata.org/entity/Q667251,Demetrius II of Georgia,p21915.htm#i219142,1259-01-01T00:00:00Z,1289-03-12T00:00:00Z,,http://www.wikidata.org/prop/direct/P40,http://www.wikidata.org/prop/direct/P40,http://www.wikidata.org/entity/Q714844,George V of Georgia
http://www.wikidata.org/entity/Q667251,Demetrius II of Georgia,p21915.htm#i219142,1259-01-01T00:00:00Z,1289-03-13T00:00:00Z,,http://www.wikidata.org/prop/direct/P40,http://www.wikidata.org/prop/direct/P40,http://www.wikidata.org/entity/Q714844,George V of Georgia
http://www.wikidata.org/entity/Q667251,Demetrius II of Georgia,p21915.htm#i219142,1259-01-01T00:00:00Z,1289-03-12T00:00:00Z,,http://www.wikidata.org/prop/direct/P40,http://www.wikidata.org/prop/direct/P40,http://www.wikidata.org/entity/Q79406313,Jiajak Bagrationi
http://www.wikidata.org/entity/Q667251,Demetrius II of Georgia,p21915.htm#i219142,1259-01-01T00:00:00Z,1289-03-13T00:00:00Z,,http://www.wikidata.org/prop/direct/P40,http://www.wikidata.org/prop/direct/P40,http://www.wikidata.org/entity/Q79406313,Jiajak Bagrationi
http://www.wikidata.org/entity/Q667251,Demetrius II of Georgia,p21915.htm#i219142,1259-01-01T00:00:00Z,1289-03-12T00:00:00Z,,http://www.wikidata.org/prop/direct/P40,http://www.wikidata.org/prop/direct/P40,http://www.wikidata.org/entity/Q887056,Vakhtang III of Georgia
http://www.wikidata.org/entity/Q667251,Demetrius II of Georgia,p21915.htm#i219142,1259-01-01T00:00:00Z,1289-03-13T00:00:00Z,,http://www.wikidata.org/prop/direct/P40,http://www.wikidata.org/prop/direct/P40,http://www.wikidata.org/entity/Q887056,Vakhtang III of Georgia
http://www.wikidata.org/entity/Q667251,Demetrius II of Georgia,p21915.htm#i219142,1259-01-01T00:00:00Z,1289-03-12T00:00:00Z,,http://www.wikidata.org/prop/direct/P40,http://www.wikidata.org/prop/direct/P40,http://www.wikidata.org/entity/Q887088,David VIII of Georgia
http://www.wikidata.org/entity/Q667251,Demetrius II of Georgia,p21915.htm#i219142,1259-01-01T00:00:00Z,1289-03-13T00:00:00Z,,http://www.wikidata.org/prop/direct/P40,http://www.wikidata.org/prop/direct/P40,http://www.wikidata.org/entity/Q887088,David VIII of Georgia
http://www.wikidata.org/entity/Q667251,Demetrius II of Georgia,p21915.htm#i219142,1259-01-01T00:00:00Z,1289-03-12T00:00:00Z,,http://www.wikidata.org/prop/direct/P11835,http://www.wikidata.org/prop/direct/P11835,11884,11884
http://www.wikidata.org/entity/Q667251,Demetrius II of Georgia,p21915.htm#i219142,1259-01-01T00:00:00Z,1289-03-13T00:00:00Z,,http://www.wikidata.org/prop/direct/P11835,http://www.wikidata.org/prop/direct/P11835,11884,11884
http://www.wikidata.org/entity/Q667251,Demetrius II of Georgia,p21915.htm#i219142,1259-01-01T00:00:00Z,1289-03-12T00:00:00Z,,http://www.wikidata.org/prop/direct/P1185,http://www.wikidata.org/prop/direct/P1185,352887,352887
http://www.wikidata.org/entity/Q667251,Demetrius II of Georgia,p21915.htm#i219142,1259-01-01T00:00:00Z,1289-03-13T00:00:00Z,,http://www.wikidata.org/prop/direct/P1185,http://www.wikidata.org/prop/direct/P1185,352887,352887
http://www.wikidata.org/entity/Q667251,Demetrius II of Georgia,p21915.htm#i219142,1259-01-01T00:00:00Z,1289-03-12T00:00:00Z,,http://www.wikidata.org/prop/direct/P1365,http://www.wikidata.org/prop/direct/P1365,http://www.wikidata.org/entity/Q770827,David VI of Georgia
http://www.wikidata.org/entity/Q667251,Demetrius II of Georgia,p21915.htm#i219142,1259-01-01T00:00:00Z,1289-03-13T00:00:00Z,,http://www.wikidata.org/prop/direct/P1365,http://www.wikidata.org/prop/direct/P1365,http://www.wikidata.org/entity/Q770827,David VI of Georgia
http://www.wikidata.org/entity/Q667251,Demetrius II of Georgia,p21915.htm#i219142,1259-01-01T00:00:00Z,1289-03-12T00:00:00Z,,http://www.wikidata.org/prop/direct/P1366,http://www.wikidata.org/prop/direct/P1366,http://www.wikidata.org/entity/Q887097,Vakhtang II of Georgia
http://www.wikidata.org/entity/Q667251,Demetrius II of Georgia,p21915.htm#i219142,1259-01-01T00:00:00Z,1289-03-13T00:00:00Z,,http://www.wikidata.org/prop/direct/P1366,http://www.wikidata.org/prop/direct/P1366,http://www.wikidata.org/entity/Q887097,Vakhtang II of Georgia
http://www.wikidata.org/entity/Q667251,Demetrius II of Georgia,p21915.htm#i219142,1259-01-01T00:00:00Z,1289-03-12T00:00:00Z,,http://www.wikidata.org/prop/direct/P13691,http://www.wikidata.org/prop/direct/P13691,27125,27125
http://www.wikidata.org/entity/Q667251,Demetrius II of Georgia,p21915.htm#i219142,1259-01-01T00:00:00Z,1289-03-13T00:00:00Z,,http://www.wikidata.org/prop/direct/P13691,http://www.wikidata.org/prop/direct/P13691,27125,27125
http://www.wikidata.org/entity/Q667251,Demetrius II of Georgia,p21915.htm#i219142,1259-01-01T00:00:00Z,1289-03-12T00:00:00Z,,http://www.wikidata.org/prop/direct/P1477,http://www.wikidata.org/prop/direct/P1477,დემეტრე II თავდადებული,დემეტრე II თავდადებული
http://www.wikidata.org/entity/Q667251,Demetrius II of Georgia,p21915.htm#i219142,1259-01-01T00:00:00Z,1289-03-13T00:00:00Z,,http://www.wikidata.org/prop/direct/P1477,http://www.wikidata.org/prop/direct/P1477,დემეტრე II თავდადებული,დემეტრე II თავდადებული
http://www.wikidata.org/entity/Q667251,Demetrius II of Georgia,p21915.htm#i219142,1259-01-01T00:00:00Z,1289-03-12T00:00:00Z,,http://www.wikidata.org/prop/direct/P1819,http://www.wikidata.org/prop/direct/P1819,I00299741,I00299741
http://www.wikidata.org/entity/Q667251,Demetrius II of Georgia,p21915.htm#i219142,1259-01-01T00:00:00Z,1289-03-13T00:00:00Z,,http://www.wikidata.org/prop/direct/P1819,http://www.wikidata.org/prop/direct/P1819,I00299741,I00299741
http://www.wikidata.org/entity/Q667251,Demetrius II of Georgia,p21915.htm#i219142,1259-01-01T00:00:00Z,1289-03-12T00:00:00Z,,http://www.wikidata.org/prop/direct/P373,http://www.wikidata.org/prop/direct/P373,Demetrius II of Georgia,Demetrius II of Georgia
http://www.wikidata.org/entity/Q667251,Demetrius II of Georgia,p21915.htm#i219142,1259-01-01T00:00:00Z,1289-03-13T00:00:00Z,,http://www.wikidata.org/prop/direct/P373,http://www.wikidata.org/prop/direct/P373,Demetrius II of Georgia,Demetrius II of Georgia
http://www.wikidata.org/entity/Q667251,Demetrius II of Georgia,p21915.htm#i219142,1259-01-01T00:00:00Z,1289-03-12T00:00:00Z,,http://www.wikidata.org/prop/direct/P411,http://www.wikidata.org/prop/direct/P411,http://www.wikidata.org/entity/Q43115,saint
http://www.wikidata.org/entity/Q667251,Demetrius II of Georgia,p21915.htm#i219142,1259-01-01T00:00:00Z,1289-03-13T00:00:00Z,,http://www.wikidata.org/prop/direct/P411,http://www.wikidata.org/prop/direct/P411,http://www.wikidata.org/entity/Q43115,saint
http://www.wikidata.org/entity/Q667251,Demetrius II of Georgia,p21915.htm#i219142,1259-01-01T00:00:00Z,1289-03-12T00:00:00Z,,http://www.wikidata.org/prop/direct/P4159,http://www.wikidata.org/prop/direct/P4159,Demetrius_II_of_Georgia_(1),Demetrius_II_of_Georgia_(1)
http://www.wikidata.org/entity/Q667251,Demetrius II of Georgia,p21915.htm#i219142,1259-01-01T00:00:00Z,1289-03-13T00:00:00Z,,http://www.wikidata.org/prop/direct/P4159,http://www.wikidata.org/prop/direct/P4159,Demetrius_II_of_Georgia_(1),Demetrius_II_of_Georgia_(1)
http://www.wikidata.org/entity/Q667251,Demetrius II of Georgia,p21915.htm#i219142,1259-01-01T00:00:00Z,1289-03-12T00:00:00Z,,http://www.wikidata.org/prop/direct/P4638,http://www.wikidata.org/prop/direct/P4638,p21915.htm#i219142,p21915.htm#i219142
http://www.wikidata.org/entity/Q667251,Demetrius II of Georgia,p21915.htm#i219142,1259-01-01T00:00:00Z,1289-03-13T00:00:00Z,,http://www.wikidata.org/prop/direct/P4638,http://www.wikidata.org/prop/direct/P4638,p21915.htm#i219142,p21915.htm#i219142
http://www.wikidata.org/entity/Q667251,Demetrius II of Georgia,p21915.htm#i219142,1259-01-01T00:00:00Z,1289-03-12T00:00:00Z,,http://www.wikidata.org/prop/direct/P4991,http://www.wikidata.org/prop/direct/P4991,00005333,00005333
http://www.wikidata.org/entity/Q667251,Demetrius II of Georgia,p21915.htm#i219142,1259-01-01T00:00:00Z,1289-03-13T00:00:00Z,,http://www.wikidata.org/prop/direct/P4991,http://www.wikidata.org/prop/direct/P4991,00005333,00005333
http://www.wikidata.org/entity/Q667251,Demetrius II of Georgia,p21915.htm#i219142,1259-01-01T00:00:00Z,1289-03-12T00:00:00Z,,http://www.wikidata.org/prop/direct/P509,http://www.wikidata.org/prop/direct/P509,http://www.wikidata.org/entity/Q204933,decapitation
http://www.wikidata.org/entity/Q667251,Demetrius II of Georgia,p21915.htm#i219142,1259-01-01T00:00:00Z,1289-03-13T00:00:00Z,,http://www.wikidata.org/prop/direct/P509,http://www.wikidata.org/prop/direct/P509,http://www.wikidata.org/entity/Q204933,decapitation
http://www.wikidata.org/entity/Q667251,Demetrius II of Georgia,p21915.htm#i219142,1259-01-01T00:00:00Z,1289-03-12T00:00:00Z,,http://www.wikidata.org/prop/direct/P569,http://www.wikidata.org/prop/direct/P569,1259-01-01T00:00:00Z,1259-01-01T00:00:00Z
http://www.wikidata.org/entity/Q667251,Demetrius II of Georgia,p21915.htm#i219142,1259-01-01T00:00:00Z,1289-03-13T00:00:00Z,,http://www.wikidata.org/prop/direct/P569,http://www.wikidata.org/prop/direct/P569,1259-01-01T00:00:00Z,1259-01-01T00:00:00Z
http://www.wikidata.org/entity/Q667251,Demetrius II of Georgia,p21915.htm#i219142,1259-01-01T00:00:00Z,1289-03-12T00:00:00Z,,http://www.wikidata.org/prop/direct/P570,http://www.wikidata.org/prop/direct/P570,1289-03-12T00:00:00Z,1289-03-12T00:00:00Z
http://www.wikidata.org/entity/Q667251,Demetrius II of Georgia,p21915.htm#i219142,1259-01-01T00:00:00Z,1289-03-13T00:00:00Z,,http://www.wikidata.org/prop/direct/P570,http://www.wikidata.org/prop/direct/P570,1289-03-12T00:00:00Z,1289-03-12T00:00:00Z
http://www.wikidata.org/entity/Q667251,Demetrius II of Georgia,p21915.htm#i219142,1259-01-01T00:00:00Z,1289-03-12T00:00:00Z,,http://www.wikidata.org/prop/direct/P570,http://www.wikidata.org/prop/direct/P570,1289-03-13T00:00:00Z,1289-03-13T00:00:00Z
http://www.wikidata.org/entity/Q667251,Demetrius II of Georgia,p21915.htm#i219142,1259-01-01T00:00:00Z,1289-03-13T00:00:00Z,,http://www.wikidata.org/prop/direct/P570,http://www.wikidata.org/prop/direct/P570,1289-03-13T00:00:00Z,1289-03-13T00:00:00Z
http://www.wikidata.org/entity/Q667251,Demetrius II of Georgia,p21915.htm#i219142,1259-01-01T00:00:00Z,1289-03-12T00:00:00Z,,http://www.wikidata.org/prop/direct/P646,http://www.wikidata.org/prop/direct/P646,/m/05wwjp,/m/05wwjp
http://www.wikidata.org/entity/Q667251,Demetrius II of Georgia,p21915.htm#i219142,1259-01-01T00:00:00Z,1289-03-13T00:00:00Z,,http://www.wikidata.org/prop/direct/P646,http://www.wikidata.org/prop/direct/P646,/m/05wwjp,/m/05wwjp
http://www.wikidata.org/entity/Q667251,Demetrius II of Georgia,p21915.htm#i219142,1259-01-01T00:00:00Z,1289-03-12T00:00:00Z,,http://www.wikidata.org/prop/direct/P734,http://www.wikidata.org/prop/direct/P734,http://www.wikidata.org/entity/Q80929856,Bagrationi
http://www.wikidata.org/entity/Q667251,Demetrius II of Georgia,p21915.htm#i219142,1259-01-01T00:00:00Z,1289-03-13T00:00:00Z,,http://www.wikidata.org/prop/direct/P734,http://www.wikidata.org/prop/direct/P734,http://www.wikidata.org/entity/Q80929856,Bagrationi
http://www.wikidata.org/entity/Q667251,Demetrius II of Georgia,p21915.htm#i219142,1259-01-01T00:00:00Z,1289-03-12T00:00:00Z,,http://www.wikidata.org/prop/direct/P735,http://www.wikidata.org/prop/direct/P735,http://www.wikidata.org/entity/Q16190631,Demetrius
http://www.wikidata.org/entity/Q667251,Demetrius II of Georgia,p21915.htm#i219142,1259-01-01T00:00:00Z,1289-03-13T00:00:00Z,,http://www.wikidata.org/prop/direct/P735,http://www.wikidata.org/prop/direct/P735,http://www.wikidata.org/entity/Q16190631,Demetrius
http://www.wikidata.org/entity/Q667251,Demetrius II of Georgia,p21915.htm#i219142,1259-01-01T00:00:00Z,1289-03-12T00:00:00Z,,http://www.wikidata.org/prop/direct/P8081,http://www.wikidata.org/prop/direct/P8081,MA24264,MA24264
http://www.wikidata.org/entity/Q667251,Demetrius II of Georgia,p21915.htm#i219142,1259-01-01T00:00:00Z,1289-03-13T00:00:00Z,,http://www.wikidata.org/prop/direct/P8081,http://www.wikidata.org/prop/direct/P8081,MA24264,MA24264
http://www.wikidata.org/entity/Q667251,Demetrius II of Georgia,p21915.htm#i219142,1259-01-01T00:00:00Z,1289-03-12T00:00:00Z,,http://www.wikidata.org/prop/direct/P841,http://www.wikidata.org/prop/direct/P841,http://www.wikidata.org/entity/Q2402,March 12
http://www.wikidata.org/entity/Q667251,Demetrius II of Georgia,p21915.htm#i219142,1259-01-01T00:00:00Z,1289-03-13T00:00:00Z,,http://www.wikidata.org/prop/direct/P841,http://www.wikidata.org/prop/direct/P841,http://www.wikidata.org/entity/Q2402,March 12
http://www.wikidata.org/entity/Q667251,Demetrius II of Georgia,p21915.htm#i219142,1259-01-01T00:00:00Z,1289-03-12T00:00:00Z,,http://www.wikidata.org/prop/direct/P973,http://www.wikidata.org/prop/direct/P973,https://www.nplg.gov.ge/wikidict/index.php/დემეტრე_II_(საქართველოს_მეფე),https://www.nplg.gov.ge/wikidict/index.php/დემეტრე_II_(საქართველოს_მეფე)
http://www.wikidata.org/entity/Q667251,Demetrius II of Georgia,p21915.htm#i219142,1259-01-01T00:00:00Z,1289-03-13T00:00:00Z,,http://www.wikidata.org/prop/direct/P973,http://www.wikidata.org/prop/direct/P973,https://www.nplg.gov.ge/wikidict/index.php/დემეტრე_II_(საქართველოს_მეფე),https://www.nplg.gov.ge/wikidict/index.php/დემეტრე_II_(საქართველოს_მეფე)
http://www.wikidata.org/entity/Q6673369,Isabella of Brittany,p73006.htm#i730058,1411-01-01T00:00:00Z,1444-01-01T00:00:00Z,,http://www.wikidata.org/prop/direct/P106,http://www.wikidata.org/prop/direct/P106,http://www.wikidata.org/entity/Q2478141,aristocrat
http://www.wikidata.org/entity/Q6673369,Isabella of Brittany,p73006.htm#i730058,1411-01-01T00:00:00Z,1444-01-01T00:00:00Z,,http://www.wikidata.org/prop/direct/P21,http://www.wikidata.org/prop/direct/P21,http://www.wikidata.org/entity/Q6581072,female
http://www.wikidata.org/entity/Q6673369,Isabella of Brittany,p73006.htm#i730058,1411-01-01T00:00:00Z,1444-01-01T00:00:00Z,,http://www.wikidata.org/prop/direct/P22,http://www.wikidata.org/prop/direct/P22,http://www.wikidata.org/entity/Q454013,John V
http://www.wikidata.org/entity/Q6673369,Isabella of Brittany,p73006.htm#i730058,1411-01-01T00:00:00Z,1444-01-01T00:00:00Z,,http://www.wikidata.org/prop/direct/P25,http://www.wikidata.org/prop/direct/P25,http://www.wikidata.org/entity/Q2280226,"Joan of France, Duchess of Brittany"
http://www.wikidata.org/entity/Q6673369,Isabella of Brittany,p73006.htm#i730058,1411-01-01T00:00:00Z,1444-01-01T00:00:00Z,,http://www.wikidata.org/prop/direct/P26,http://www.wikidata.org/prop/direct/P26,http://www.wikidata.org/entity/Q432774,Guy XIV de Laval
http://www.wikidata.org/entity/Q6673369,Isabella of Brittany,p73006.htm#i730058,1411-01-01T00:00:00Z,1444-01-01T00:00:00Z,,http://www.wikidata.org/prop/direct/P27,http://www.wikidata.org/prop/direct/P27,http://www.wikidata.org/entity/Q142,France
http://www.wikidata.org/entity/Q6673369,Isabella of Brittany,p73006.htm#i730058,1411-01-01T00:00:00Z,1444-01-01T00:00:00Z,,http://www.wikidata.org/prop/direct/P31,http://www.wikidata.org/prop/direct/P31,http://www.wikidata.org/entity/Q5,human
http://www.wikidata.org/entity/Q6673369,Isabella of Brittany,p73006.htm#i730058,1411-01-01T00:00:00Z,1444-01-01T00:00:00Z,,http://www.wikidata.org/prop/direct/P40,http://www.wikidata.org/prop/direct/P40,http://www.wikidata.org/entity/Q111311402,"Yolande de Laval, Dame de Kergorlay"
http://www.wikidata.org/entity/Q6673369,Isabella of Brittany,p73006.htm#i730058,1411-01-01T00:00:00Z,1444-01-01T00:00:00Z,,http://www.wikidata.org/prop/direct/P40,http://www.wikidata.org/prop/direct/P40,http://www.wikidata.org/entity/Q16034349,Louise de Laval
http://www.wikidata.org/entity/Q6673369,Isabella of Brittany,p73006.htm#i730058,1411-01-01T00:00:00Z,1444-01-01T00:00:00Z,,http://www.wikidata.org/prop/direct/P40,http://www.wikidata.org/prop/direct/P40,http://www.wikidata.org/entity/Q3122217,Guy XV de Laval
http://www.wikidata.org/entity/Q6673369,Isabella of Brittany,p73006.htm#i730058,1411-01-01T00:00:00Z,1444-01-01T00:00:00Z,,http://www.wikidata.org/prop/direct/P40,http://www.wikidata.org/prop/direct/P40,http://www.wikidata.org/entity/Q3144883,Hélène de Laval
http://www.wikidata.org/entity/Q6673369,Isabella of Brittany,p73006.htm#i730058,1411-01-01T00:00:00Z,1444-01-01T00:00:00Z,,http://www.wikidata.org/prop/direct/P40,http://www.wikidata.org/prop/direct/P40,http://www.wikidata.org/entity/Q3175522,Jean de Laval
http://www.wikidata.org/entity/Q6673369,Isabella of Brittany,p73006.htm#i730058,1411-01-01T00:00:00Z,1444-01-01T00:00:00Z,,http://www.wikidata.org/prop/direct/P40,http://www.wikidata.org/prop/direct/P40,http://www.wikidata.org/entity/Q3387599,Pierre de Laval
http://www.wikidata.org/entity/Q6673369,Isabella of Brittany,p73006.htm#i730058,1411-01-01T00:00:00Z,1444-01-01T00:00:00Z,,http://www.wikidata.org/prop/direct/P40,http://www.wikidata.org/prop/direct/P40,http://www.wikidata.org/entity/Q459771,Jeanne de Laval
http://www.wikidata.org/entity/Q6673369,Isabella of Brittany,p73006.htm#i730058,1411-01-01T00:00:00Z,1444-01-01T00:00:00Z,,http://www.wikidata.org/prop/direct/P97,http://www.wikidata.org/prop/direct/P97,http://www.wikidata.org/entity/Q165503,baron
http://www.wikidata.org/entity/Q6673369,Isabella of Brittany,p73006.htm#i730058,1411-01-01T00:00:00Z,1444-01-01T00:00:00Z,,http://www.wikidata.org/prop/direct/P10864,http://www.wikidata.org/prop/direct/P10864,6524,6524
http://www.wikidata.org/entity/Q6673369,Isabella of Brittany,p73006.htm#i730058,1411-01-01T00:00:00Z,1444-01-01T00:00:00Z,,http://www.wikidata.org/prop/direct/P1185,http://www.wikidata.org/prop/direct/P1185,913426,913426
http://www.wikidata.org/entity/Q6673369,Isabella of Brittany,p73006.htm#i730058,1411-01-01T00:00:00Z,1444-01-01T00:00:00Z,,http://www.wikidata.org/prop/direct/P1819,http://www.wikidata.org/prop/direct/P1819,I00005696,I00005696
http://www.wikidata.org/entity/Q6673369,Isabella of Brittany,p73006.htm#i730058,1411-01-01T00:00:00Z,1444-01-01T00:00:00Z,,http://www.wikidata.org/prop/direct/P268,http://www.wikidata.org/prop/direct/P268,166435975,166435975
http://www.wikidata.org/entity/Q6673369,Isabella of Brittany,p73006.htm#i730058,1411-01-01T00:00:00Z,1444-01-01T00:00:00Z,,http://www.wikidata.org/prop/direct/P2949,http://www.wikidata.org/prop/direct/P2949,Bretagne-174,Bretagne-174
http://www.wikidata.org/entity/Q6673369,Isabella of Brittany,p73006.htm#i730058,1411-01-01T00:00:00Z,1444-01-01T00:00:00Z,,http://www.wikidata.org/prop/direct/P3368,http://www.wikidata.org/prop/direct/P3368,2366952,2366952
http://www.wikidata.org/entity/Q6673369,Isabella of Brittany,p73006.htm#i730058,1411-01-01T00:00:00Z,1444-01-01T00:00:00Z,,http://www.wikidata.org/prop/direct/P3373,http://www.wikidata.org/prop/direct/P3373,http://www.wikidata.org/entity/Q3106556,Gilles de Bretagne
http://www.wikidata.org/entity/Q6673369,Isabella of Brittany,p73006.htm#i730058,1411-01-01T00:00:00Z,1444-01-01T00:00:00Z,,http://www.wikidata.org/prop/direct/P3373,http://www.wikidata.org/prop/direct/P3373,http://www.wikidata.org/entity/Q472719,"Francis I, Duke of Brittany"
http://www.wikidata.org/entity/Q6673369,Isabella of Brittany,p73006.htm#i730058,1411-01-01T00:00:00Z,1444-01-01T00:00:00Z,,http://www.wikidata.org/prop/direct/P3373,http://www.wikidata.org/prop/direct/P3373,http://www.wikidata.org/entity/Q545140,"Peter II, Duke of Brittany"
http://www.wikidata.org/entity/Q6673369,Isabella of Brittany,p73006.htm#i730058,1411-01-01T00:00:00Z,1444-01-01T00:00:00Z,,http://www.wikidata.org/prop/direct/P4159,http://www.wikidata.org/prop/direct/P4159,Isabella_of_Brittany_(1),Isabella_of_Brittany_(1)
http://www.wikidata.org/entity/Q6673369,Isabella of Brittany,p73006.htm#i730058,1411-01-01T00:00:00Z,1444-01-01T00:00:00Z,,http://www.wikidata.org/prop/direct/P4638,http://www.wikidata.org/prop/direct/P4638,p73006.htm#i730058,p73006.htm#i730058
http://www.wikidata.org/entity/Q6673369,Isabella of Brittany,p73006.htm#i730058,1411-01-01T00:00:00Z,1444-01-01T00:00:00Z,,http://www.wikidata.org/prop/direct/P569,http://www.wikidata.org/prop/direct/P569,1411-01-01T00:00:00Z,1411-01-01T00:00:00Z
http://www.wikidata.org/entity/Q6673369,Isabella of Brittany,p73006.htm#i730058,1411-01-01T00:00:00Z,1444-01-01T00:00:00Z,,http://www.wikidata.org/prop/direct/P570,http://www.wikidata.org/prop/direct/P570,1444-01-01T00:00:00Z,1444-01-01T00:00:00Z
http://www.wikidata.org/entity/Q6673369,Isabella of Brittany,p73006.htm#i730058,1411-01-01T00:00:00Z,1444-01-01T00:00:00Z,,http://www.wikidata.org/prop/direct/P646,http://www.wikidata.org/prop/direct/P646,/m/05zlnpj,/m/05zlnpj
http://www.wikidata.org/entity/Q6673369,Isabella of Brittany,p73006.htm#i730058,1411-01-01T00:00:00Z,1444-01-01T00:00:00Z,,http://www.wikidata.org/prop/direct/P735,http://www.wikidata.org/prop/direct/P735,http://www.wikidata.org/entity/Q6078151,Isabelle
http://www.wikidata.org/entity/Q6673369,Isabella of Brittany,p73006.htm#i730058,1411-01-01T00:00:00Z,1444-01-01T00:00:00Z,,http://www.wikidata.org/prop/direct/P7929,http://www.wikidata.org/prop/direct/P7929,p=isabelle;n=de dreux;oc=1,p=isabelle;n=de dreux;oc=1
http://www.wikidata.org/entity/Q667403,Raoul I de Tosny,p58172.htm#i581720,0950-01-01T00:00:00Z,1024-01-01T00:00:00Z,,http://www.wikidata.org/prop/direct/P106,http://www.wikidata.org/prop/direct/P106,http://www.wikidata.org/entity/Q1409420,feudatory
http://www.wikidata.org/entity/Q667403,Raoul I de Tosny,p58172.htm#i581720,0950-01-01T00:00:00Z,1024-01-01T00:00:00Z,,http://www.wikidata.org/prop/direct/P21,http://www.wikidata.org/prop/direct/P21,http://www.wikidata.org/entity/Q6581097,male
http://www.wikidata.org/entity/Q667403,Raoul I de Tosny,p58172.htm#i581720,0950-01-01T00:00:00Z,1024-01-01T00:00:00Z,,http://www.wikidata.org/prop/direct/P22,http://www.wikidata.org/prop/direct/P22,http://www.wikidata.org/entity/Q76174278,Hugh de Calvacamp
http://www.wikidata.org/entity/Q667403,Raoul I de Tosny,p58172.htm#i581720,0950-01-01T00:00:00Z,1024-01-01T00:00:00Z,,http://www.wikidata.org/prop/direct/P31,http://www.wikidata.org/prop/direct/P31,http://www.wikidata.org/entity/Q5,human
http://www.wikidata.org/entity/Q667403,Raoul I de Tosny,p58172.htm#i581720,0950-01-01T00:00:00Z,1024-01-01T00:00:00Z,,http://www.wikidata.org/prop/direct/P40,http://www.wikidata.org/prop/direct/P40,http://www.wikidata.org/entity/Q116028788,NN de Tosny
http://www.wikidata.org/entity/Q667403,Raoul I de Tosny,p58172.htm#i581720,0950-01-01T00:00:00Z,1024-01-01T00:00:00Z,,http://www.wikidata.org/prop/direct/P40,http://www.wikidata.org/prop/direct/P40,http://www.wikidata.org/entity/Q361739,Roger I of Tosny
http://www.wikidata.org/entity/Q667403,Raoul I de Tosny,p58172.htm#i581720,0950-01-01T00:00:00Z,1024-01-01T00:00:00Z,,http://www.wikidata.org/prop/direct/P1185,http://www.wikidata.org/prop/direct/P1185,323224,323224
http://www.wikidata.org/entity/Q667403,Raoul I de Tosny,p58172.htm#i581720,0950-01-01T00:00:00Z,1024-01-01T00:00:00Z,,http://www.wikidata.org/prop/direct/P1559,http://www.wikidata.org/prop/direct/P1559,Raoul Ier de Tosny,Raoul Ier de Tosny
http://www.wikidata.org/entity/Q667403,Raoul I de Tosny,p58172.htm#i581720,0950-01-01T00:00:00Z,1024-01-01T00:00:00Z,,http://www.wikidata.org/prop/direct/P1819,http://www.wikidata.org/prop/direct/P1819,I00177606,I00177606
http://www.wikidata.org/entity/Q667403,Raoul I de Tosny,p58172.htm#i581720,0950-01-01T00:00:00Z,1024-01-01T00:00:00Z,,http://www.wikidata.org/prop/direct/P2671,http://www.wikidata.org/prop/direct/P2671,/g/121mkdg7,/g/121mkdg7
http://www.wikidata.org/entity/Q667403,Raoul I de Tosny,p58172.htm#i581720,0950-01-01T00:00:00Z,1024-01-01T00:00:00Z,,http://www.wikidata.org/prop/direct/P2949,http://www.wikidata.org/prop/direct/P2949,Toeni-19,Toeni-19
http://www.wikidata.org/entity/Q667403,Raoul I de Tosny,p58172.htm#i581720,0950-01-01T00:00:00Z,1024-01-01T00:00:00Z,,http://www.wikidata.org/prop/direct/P3373,http://www.wikidata.org/prop/direct/P3373,http://www.wikidata.org/entity/Q3142702,"Hugh III, Archbishop of Rouen"
http://www.wikidata.org/entity/Q667403,Raoul I de Tosny,p58172.htm#i581720,0950-01-01T00:00:00Z,1024-01-01T00:00:00Z,,http://www.wikidata.org/prop/direct/P4159,http://www.wikidata.org/prop/direct/P4159,Ralph_De_Toeni_(9),Ralph_De_Toeni_(9)
http://www.wikidata.org/entity/Q667403,Raoul I de Tosny,p58172.htm#i581720,0950-01-01T00:00:00Z,1024-01-01T00:00:00Z,,http://www.wikidata.org/prop/direct/P4638,http://www.wikidata.org/prop/direct/P4638,p58172.htm#i581720,p58172.htm#i581720
http://www.wikidata.org/entity/Q667403,Raoul I de Tosny,p58172.htm#i581720,0950-01-01T00:00:00Z,1024-01-01T00:00:00Z,,http://www.wikidata.org/prop/direct/P569,http://www.wikidata.org/prop/direct/P569,0950-01-01T00:00:00Z,0950-01-01T00:00:00Z
http://www.wikidata.org/entity/Q667403,Raoul I de Tosny,p58172.htm#i581720,0950-01-01T00:00:00Z,1024-01-01T00:00:00Z,,http://www.wikidata.org/prop/direct/P570,http://www.wikidata.org/prop/direct/P570,1024-01-01T00:00:00Z,1024-01-01T00:00:00Z
http://www.wikidata.org/entity/Q667403,Raoul I de Tosny,p58172.htm#i581720,0950-01-01T00:00:00Z,1024-01-01T00:00:00Z,,http://www.wikidata.org/prop/direct/P735,http://www.wikidata.org/prop/direct/P735,http://www.wikidata.org/entity/Q11487195,Raoul
http://www.wikidata.org/entity/Q667403,Raoul I de Tosny,p58172.htm#i581720,0950-01-01T00:00:00Z,1024-01-01T00:00:00Z,,http://www.wikidata.org/prop/direct/P7929,http://www.wikidata.org/prop/direct/P7929,p=raoul;n=de tosny;oc=2,p=raoul;n=de tosny;oc=2
http://www.wikidata.org/entity/Q667403,Raoul I de Tosny,p58172.htm#i581720,0950-01-01T00:00:00Z,1024-01-01T00:00:00Z,,http://www.wikidata.org/prop/direct/P945,http://www.wikidata.org/prop/direct/P945,http://www.wikidata.org/entity/Q312613,Richard II
http://www.wikidata.org/entity/Q667403,Raoul I de Tosny,p58172.htm#i581720,0950-01-01T00:00:00Z,1024-01-01T00:00:00Z,,http://www.wikidata.org/prop/direct/P945,http://www.wikidata.org/prop/direct/P945,http://www.wikidata.org/entity/Q333359,Richard I of Normandy
